Customer_ID,Age,Gender,Location,Occupation,Visit_Frequency,Preferred_Dining_Time,Average_Spend,Favorite_Cuisine,Total_Expenditure,Discount_Used,Payment_Method,Satisfaction_Rating,Phone
1,56,Male,Urban,Retired,16,Lunch,72.74473229,Italian,4351.74028,1,Online,5,5434874674
2,69,Male,Suburban,Professional,12,Weekend,27.40918087,Italian,3567.34087,1,Card,5,7200286789
3,46,Male,Urban,Student,12,Dinner,67.73540331,Indian,620.4477552,0,Card,3,7305864569
4,32,Female,Suburban,Student,6,Lunch,33.38453241,Indian,3901.798547,0,Online,2,2549512686
5,60,Male,Urban,Professional,4,Dinner,89.74774979,Italian,4058.990908,0,Online,4,9478835958
6,25,Male,Rural,Professional,6,Lunch,90.61209498,Chinese,3862.046627,0,Online,2,3993950161
7,38,Male,Suburban,Professional,11,Weekend,36.75584839,Italian,658.4328469,1,Cash,2,8837976915
8,56,Female,Rural,Professional,1,Weekend,30.69943786,Chinese,3255.14899,1,Cash,1,9127725311
9,36,Female,Suburban,Retired,15,Weekend,47.01735749,Italian,4188.191499,0,Cash,5,3318671388
10,40,Male,Rural,Student,11,Lunch,31.64784267,Mexican,2929.031666,0,Online,5,8298107936
11,28,Male,Urban,Retired,19,Dinner,70.5145459,Italian,3267.396139,1,Online,5,4026653020
12,28,Male,Urban,Student,18,Dinner,84.34582161,Italian,2345.981049,0,Cash,1,5698400236
13,41,Male,Urban,Student,17,Lunch,70.57829178,Indian,2690.665867,0,Card,3,1765443131
14,53,Female,Suburban,Professional,19,Lunch,84.19154025,Chinese,268.4466059,0,Cash,3,6207635543
15,57,Female,Rural,Retired,14,Dinner,45.7292946,Mexican,3230.918808,0,Card,4,1141410275
16,41,Female,Urban,Professional,18,Dinner,24.06852736,Chinese,499.0913432,1,Online,3,6242829210
17,20,Female,Rural,Retired,19,Dinner,76.41558527,Mexican,2231.571512,0,Online,3,2711071524
18,39,Male,Rural,Student,15,Dinner,42.44270546,Italian,1534.009979,1,Cash,5,4265785613
19,19,Male,Urban,Professional,15,Lunch,70.41437427,Indian,2772.596956,0,Cash,2,4777573643
20,41,Male,Urban,Professional,4,Lunch,34.35795478,Indian,753.7400441,0,Online,3,2638342451
21,61,Female,Rural,Student,7,Weekend,17.31066713,Chinese,3489.05267,1,Cash,3,6721768976
22,47,Male,Urban,Student,13,Dinner,99.33236159,Indian,3995.556531,0,Online,1,5235631004
23,55,Female,Urban,Student,3,Weekend,24.05813571,Chinese,900.4368037,1,Online,4,4817145779
24,19,Female,Urban,Professional,16,Lunch,98.95788946,Chinese,611.134128,0,Card,1,7734283287
25,38,Male,Suburban,Retired,9,Lunch,97.95519393,Mexican,813.0258657,0,Cash,5,3769306946
26,50,Male,Rural,Professional,8,Weekend,81.44362935,Chinese,4397.925053,0,Online,2,4064137358
27,29,Male,Rural,Retired,13,Dinner,69.34806659,Mexican,2688.127383,0,Cash,4,1946184975
28,39,Female,Suburban,Professional,17,Dinner,62.00263452,Indian,2389.57888,0,Card,1,3455385500
29,61,Male,Rural,Professional,17,Dinner,87.94913908,Chinese,622.8879136,1,Card,3,7348784197
30,42,Female,Urban,Student,17,Dinner,36.04955695,Chinese,3282.824433,1,Cash,3,8844380795
31,66,Male,Rural,Retired,1,Weekend,52.09130912,Italian,4353.198,0,Cash,4,5055531536
32,44,Female,Urban,Professional,8,Weekend,65.74509724,Chinese,4158.11076,0,Online,3,4406423666
33,59,Female,Suburban,Professional,19,Lunch,47.00714283,Chinese,3167.668074,1,Card,1,2778146423
34,45,Male,Urban,Student,6,Dinner,48.47378087,Italian,468.8657116,1,Card,1,9383278569
35,33,Female,Rural,Student,3,Dinner,39.72562008,Italian,650.7454332,0,Card,3,1381343275
36,32,Female,Rural,Retired,5,Dinner,60.7808635,Indian,341.6140368,0,Cash,3,6597118225
37,64,Male,Rural,Professional,13,Weekend,86.55170752,Chinese,1361.648161,1,Online,5,1982225619
38,68,Female,Suburban,Retired,15,Dinner,28.13755402,Indian,764.7411891,0,Cash,2,6264662667
39,61,Male,Suburban,Professional,14,Weekend,94.09897349,Indian,1374.235397,1,Cash,4,6734756150
40,69,Female,Rural,Retired,16,Dinner,72.01788884,Italian,1986.784473,0,Cash,1,5686171748
41,20,Male,Urban,Student,18,Dinner,84.09458914,Mexican,4720.615642,1,Online,4,7451456195
42,54,Male,Suburban,Professional,11,Lunch,60.05716234,Indian,3090.842693,1,Cash,5,6322539998
43,68,Female,Rural,Retired,3,Dinner,80.15650313,Mexican,4191.37155,0,Card,1,2485973198
44,24,Female,Rural,Student,10,Dinner,11.45803576,Chinese,3580.722353,1,Card,5,8562528362
45,38,Female,Suburban,Student,10,Lunch,83.65423823,Italian,651.2653396,0,Card,5,5244701339
46,26,Female,Suburban,Retired,16,Weekend,13.61249732,Chinese,3706.009991,0,Online,3,4161881037
47,56,Female,Suburban,Professional,12,Weekend,90.09220387,Chinese,1447.98452,0,Cash,4,4239643155
48,35,Male,Urban,Professional,2,Dinner,99.27664725,Italian,3231.62845,0,Online,4,6457601568
49,21,Female,Urban,Student,9,Weekend,36.4660716,Chinese,1770.713671,1,Cash,3,8085650215
50,42,Male,Rural,Professional,3,Dinner,28.92867007,Italian,4988.59409,0,Card,4,1069223269
51,31,Male,Suburban,Professional,15,Lunch,78.88270275,Mexican,1391.40225,0,Cash,3,1518659150
52,67,Female,Urban,Professional,3,Lunch,32.77237068,Chinese,1467.739307,0,Cash,1,4959332715
53,26,Male,Suburban,Student,19,Dinner,87.90061449,Italian,4660.294052,0,Cash,5,8513241678
54,43,Male,Rural,Retired,18,Lunch,19.25583329,Indian,220.7575827,1,Online,5,9606122028
55,19,Male,Urban,Professional,8,Lunch,21.33596767,Chinese,3513.776041,0,Cash,4,4623763049
56,37,Male,Urban,Student,17,Dinner,98.12363996,Mexican,3654.099315,1,Cash,2,5633952718
57,45,Female,Urban,Student,8,Dinner,70.64550084,Italian,4198.255029,1,Cash,5,3331376924
58,64,Male,Rural,Retired,7,Lunch,86.2198502,Chinese,4874.752622,1,Online,3,7167094899
59,24,Female,Suburban,Professional,7,Weekend,39.18964396,Chinese,4880.449404,0,Online,2,4183435016
60,61,Female,Urban,Professional,3,Weekend,70.88353746,Chinese,419.8561121,0,Online,2,2802070648
61,25,Male,Rural,Retired,1,Dinner,63.48176446,Mexican,4127.012681,0,Cash,5,2194890026
62,64,Female,Suburban,Retired,4,Dinner,64.28351081,Italian,3266.918675,0,Card,5,1425558708
63,52,Female,Rural,Student,5,Weekend,71.42792136,Indian,3271.976458,1,Card,5,3597322372
64,31,Female,Suburban,Student,1,Lunch,61.78232558,Indian,728.9146404,1,Card,3,7445188136
65,34,Male,Rural,Retired,15,Weekend,48.61561324,Indian,3285.917116,0,Cash,2,8315490741
66,53,Female,Suburban,Professional,5,Weekend,34.83304249,Italian,4914.164645,0,Card,4,3548249602
67,67,Female,Urban,Student,13,Weekend,79.17231978,Indian,4567.910991,0,Card,3,3418859498
68,57,Female,Suburban,Student,8,Weekend,30.3645187,Mexican,2251.740238,0,Card,1,8565058961
69,21,Male,Rural,Professional,8,Dinner,72.31188755,Italian,295.7450691,0,Cash,5,7194246532
70,19,Female,Rural,Student,5,Dinner,30.99995404,Chinese,1875.238101,0,Card,2,4925125339
71,23,Male,Suburban,Professional,9,Lunch,66.2797153,Mexican,4149.312527,0,Card,3,6371784514
72,59,Male,Urban,Professional,1,Lunch,77.23704404,Chinese,3537.345597,1,Cash,1,4282919587
73,21,Male,Urban,Professional,4,Lunch,29.68425,Indian,2350.783912,1,Online,3,3557760510
74,46,Male,Suburban,Retired,3,Lunch,15.39489708,Mexican,369.9975223,1,Card,3,4105639848
75,35,Male,Suburban,Retired,2,Weekend,21.78763687,Italian,2191.784166,1,Online,4,7166834564
76,43,Male,Rural,Retired,8,Dinner,64.53972705,Mexican,2398.222205,0,Card,4,1145673794
77,61,Female,Urban,Professional,9,Dinner,86.45017656,Chinese,4649.922111,0,Cash,3,8223153883
78,51,Male,Suburban,Professional,2,Lunch,14.04971391,Italian,3241.321908,0,Online,1,3583346243
79,27,Female,Urban,Retired,14,Lunch,76.07361331,Mexican,1627.099292,0,Online,2,9555265630
80,53,Female,Suburban,Student,14,Weekend,40.71867814,Mexican,2674.059496,0,Online,2,1449726458
81,31,Male,Suburban,Professional,4,Weekend,53.06755329,Mexican,423.6710083,1,Online,5,9128455050
82,48,Female,Urban,Student,6,Lunch,93.59735949,Mexican,4865.584355,0,Card,5,2641488968
83,65,Female,Suburban,Student,11,Dinner,39.87743543,Italian,1864.293519,1,Card,2,5005248949
84,32,Female,Suburban,Professional,3,Dinner,51.88032405,Chinese,2441.550039,0,Online,3,1646821934
85,25,Female,Rural,Professional,8,Dinner,11.23141733,Mexican,1840.891474,1,Card,3,8935275892
86,31,Male,Suburban,Student,3,Lunch,17.3438848,Italian,3444.307478,0,Online,4,5148976726
87,40,Female,Suburban,Student,14,Dinner,33.2732432,Chinese,3344.937576,1,Online,4,1293107719
88,57,Male,Suburban,Retired,13,Weekend,12.50670167,Mexican,3605.079322,0,Cash,5,5918602495
89,38,Female,Rural,Retired,13,Weekend,66.82377934,Chinese,1413.901825,0,Online,2,4986990266
90,33,Female,Urban,Professional,2,Lunch,48.37585211,Chinese,1646.775558,0,Card,3,2041699438
91,62,Male,Rural,Retired,13,Weekend,59.33306825,Italian,713.7310324,0,Online,2,6984691316
92,35,Female,Rural,Retired,19,Lunch,25.71824673,Chinese,3311.998862,1,Cash,1,7406687041
93,64,Female,Urban,Retired,6,Dinner,36.63388265,Italian,295.0059239,0,Card,2,4133288786
94,41,Female,Rural,Retired,16,Dinner,69.74420274,Mexican,3028.643444,1,Cash,1,5615986439
95,43,Male,Urban,Student,2,Dinner,96.87724513,Chinese,4361.509836,0,Cash,4,5856568139
96,42,Female,Rural,Professional,8,Weekend,14.53750962,Chinese,4465.077527,1,Online,4,5091219162
97,62,Male,Urban,Retired,17,Lunch,90.13458888,Indian,2300.285026,0,Cash,5,1285053492
98,58,Female,Suburban,Student,2,Dinner,61.91930812,Mexican,2350.588072,0,Cash,2,3524313723
99,46,Male,Rural,Student,10,Lunch,60.75276101,Mexican,477.1489967,1,Card,2,2062401051
100,32,Male,Rural,Student,16,Dinner,55.02506817,Indian,3386.748625,0,Cash,1,5408269122
101,62,Female,Rural,Retired,6,Weekend,16.24546773,Indian,4124.17116,0,Online,4,9824738163
102,18,Female,Rural,Retired,2,Weekend,18.08891666,Italian,1298.809768,1,Online,1,6718349336
103,42,Male,Suburban,Professional,2,Lunch,64.08208051,Italian,2164.37432,0,Online,4,9278722905
104,24,Male,Rural,Retired,13,Weekend,40.68627143,Chinese,4210.31275,1,Cash,1,3304462087
105,26,Female,Suburban,Retired,15,Weekend,92.55412599,Chinese,4397.890292,0,Card,4,3748745769
106,41,Male,Suburban,Student,2,Lunch,46.59314836,Chinese,1291.581903,1,Online,1,3771286172
107,18,Female,Suburban,Professional,7,Dinner,22.89533128,Chinese,2797.796109,1,Cash,4,5169082668
108,61,Female,Suburban,Retired,3,Weekend,74.32469502,Italian,1043.216438,1,Online,1,9022649258
109,25,Female,Urban,Retired,8,Lunch,36.40180793,Mexican,599.2059443,1,Online,2,2278420754
110,41,Female,Urban,Student,14,Weekend,57.29232766,Chinese,4564.490457,0,Card,5,4935159962
111,28,Male,Rural,Student,7,Weekend,72.8049507,Mexican,4120.486771,0,Online,1,7542665418
112,68,Female,Urban,Retired,7,Weekend,91.02377001,Chinese,3824.171019,1,Card,5,2101695519
113,34,Male,Urban,Professional,1,Weekend,81.29720753,Indian,338.9549622,0,Cash,2,2005449720
114,25,Female,Rural,Professional,17,Lunch,70.87249611,Chinese,4234.271084,0,Online,2,1976641335
115,52,Male,Rural,Student,9,Lunch,71.16698642,Chinese,2246.415972,0,Cash,4,3927121263
116,52,Female,Rural,Student,13,Lunch,95.13321796,Chinese,1777.736104,1,Cash,5,8107396153
117,50,Male,Urban,Retired,19,Weekend,36.62416877,Italian,2777.734169,0,Cash,3,7518048586
118,22,Male,Urban,Student,19,Weekend,10.10008848,Indian,547.6308893,0,Online,4,1436221995
119,59,Female,Rural,Retired,17,Weekend,34.47591035,Chinese,3807.568092,1,Card,5,1438846989
120,56,Female,Suburban,Professional,10,Lunch,29.61022417,Chinese,2953.931877,0,Online,1,3252587361
121,58,Female,Rural,Professional,10,Weekend,69.56511266,Mexican,1014.291475,1,Cash,1,8929646079
122,45,Female,Suburban,Retired,4,Dinner,67.03404398,Indian,1022.337779,1,Card,2,9832763190
123,24,Male,Suburban,Student,8,Weekend,63.41152444,Chinese,1002.818393,1,Cash,3,5731855817
124,26,Female,Rural,Professional,18,Dinner,11.46190989,Mexican,379.311699,0,Card,1,2084250881
125,25,Male,Rural,Student,14,Weekend,75.5900249,Mexican,2980.212402,0,Online,5,1345828626
126,29,Male,Rural,Professional,18,Lunch,39.11773712,Italian,4217.70607,1,Card,5,3742958074
127,51,Female,Urban,Retired,14,Weekend,69.85503901,Mexican,185.7412485,1,Online,1,3421358349
128,50,Male,Suburban,Retired,15,Dinner,60.09205857,Chinese,340.1227604,1,Cash,5,6216831618
129,65,Male,Urban,Retired,4,Dinner,40.84578329,Italian,2906.574356,1,Card,5,7778303950
130,40,Male,Urban,Professional,13,Weekend,22.11186404,Italian,4115.528858,1,Cash,2,1869741073
131,41,Male,Rural,Student,8,Dinner,18.49770079,Chinese,1701.020564,1,Card,3,1455763090
132,54,Female,Urban,Student,18,Dinner,84.83664998,Indian,1813.110554,0,Online,2,6394096750
133,52,Female,Rural,Student,12,Lunch,92.65577879,Mexican,3022.097838,1,Card,3,6157354054
134,61,Female,Suburban,Professional,14,Weekend,68.48092421,Italian,1443.643157,1,Card,5,1546517263
135,57,Female,Rural,Professional,2,Weekend,19.30907034,Indian,230.3809938,1,Online,3,6421818706
136,39,Male,Urban,Professional,18,Weekend,46.18244952,Chinese,3702.619739,0,Online,5,2552734802
137,44,Male,Urban,Professional,2,Dinner,75.60452801,Mexican,3165.684573,0,Online,5,5849837718
138,52,Female,Rural,Professional,11,Weekend,80.18387956,Mexican,2945.704395,0,Card,2,1192774474
139,18,Female,Rural,Student,9,Weekend,20.63967601,Italian,3734.252232,0,Cash,2,5005228021
140,52,Female,Urban,Professional,12,Lunch,10.0027647,Mexican,3408.631104,1,Card,4,4051384533
141,54,Male,Suburban,Professional,17,Lunch,74.09233413,Mexican,1108.821742,0,Card,1,9862261668
142,64,Female,Suburban,Student,15,Lunch,42.09365584,Mexican,1827.15713,1,Cash,4,6503399009
143,31,Female,Rural,Professional,17,Dinner,32.90331985,Mexican,717.9396942,1,Online,4,4525478633
144,20,Female,Suburban,Student,18,Weekend,11.16077228,Chinese,736.2993657,1,Card,3,3958045472
145,18,Male,Urban,Student,6,Lunch,58.62694661,Indian,3413.359157,1,Cash,5,2292508346
146,22,Male,Rural,Retired,17,Lunch,86.60356619,Chinese,4307.140524,1,Online,5,2559666453
147,43,Male,Urban,Retired,18,Lunch,96.18684816,Chinese,4817.389661,1,Online,5,5646160025
148,31,Male,Urban,Retired,8,Weekend,60.91704556,Italian,3178.900876,0,Card,1,6783836934
149,56,Male,Suburban,Retired,9,Weekend,56.3015195,Mexican,1002.096484,0,Online,3,8477944075
150,44,Male,Rural,Professional,6,Weekend,17.65507469,Chinese,617.6866927,0,Online,3,8382087241
151,26,Male,Rural,Retired,5,Dinner,59.39855214,Mexican,4082.969761,0,Cash,5,6974929301
152,32,Male,Suburban,Student,12,Dinner,44.19811711,Chinese,2935.906734,0,Cash,4,2073210980
153,32,Female,Urban,Professional,11,Lunch,64.64217528,Chinese,3129.596603,1,Online,1,7022139391
154,43,Female,Urban,Retired,1,Weekend,44.98537131,Italian,3929.164235,0,Cash,4,4346970653
155,59,Male,Urban,Student,11,Lunch,31.62692111,Indian,3546.058416,0,Online,2,9744970471
156,30,Male,Urban,Professional,19,Weekend,18.54687477,Indian,4188.845439,0,Card,3,7126508833
157,68,Female,Rural,Professional,9,Weekend,38.34266001,Chinese,375.4481368,1,Cash,3,4632869883
158,49,Male,Rural,Retired,2,Weekend,18.69803509,Italian,3762.85112,1,Online,4,5811271609
159,56,Male,Suburban,Professional,12,Dinner,25.92072557,Mexican,4269.178511,1,Online,1,6594481716
160,66,Male,Suburban,Student,4,Dinner,98.86025427,Mexican,1502.061708,0,Cash,3,8387337479
161,69,Female,Rural,Professional,4,Weekend,49.96932012,Chinese,3238.191643,0,Cash,4,6442589291
162,49,Female,Rural,Student,18,Lunch,57.86845899,Indian,1639.394113,0,Card,1,6083955227
163,21,Female,Urban,Professional,15,Weekend,88.62566759,Italian,4794.058226,0,Online,4,2644224400
164,47,Female,Urban,Retired,19,Weekend,99.60120104,Indian,263.7755049,0,Card,1,9557613889
165,54,Female,Suburban,Student,13,Lunch,62.44430044,Mexican,2940.984935,1,Card,5,8981463723
166,40,Male,Rural,Professional,19,Weekend,83.12264389,Indian,915.8673805,0,Card,1,8366138717
167,56,Female,Suburban,Professional,17,Lunch,39.42469219,Mexican,3589.879005,1,Cash,2,3031686763
168,62,Male,Rural,Professional,6,Dinner,37.51695617,Italian,961.8623888,0,Card,5,6237301816
169,32,Male,Urban,Student,16,Dinner,46.24333489,Italian,1253.377983,1,Cash,4,8553145943
170,60,Female,Suburban,Student,12,Lunch,70.52565364,Chinese,2522.416974,1,Cash,5,2872323020
171,46,Female,Suburban,Student,19,Dinner,71.39725203,Chinese,4582.691255,1,Card,5,7025919495
172,53,Male,Rural,Retired,5,Dinner,38.37154912,Indian,1137.400424,1,Card,4,6859890111
173,30,Male,Urban,Retired,17,Lunch,21.98889317,Italian,806.7761035,0,Online,4,5555477375
174,49,Male,Suburban,Student,1,Dinner,66.91566308,Italian,3818.986476,0,Card,2,8872844040
175,24,Female,Urban,Professional,10,Weekend,21.5493276,Chinese,2553.035708,0,Online,4,1701864845
176,68,Female,Suburban,Retired,15,Weekend,62.06432574,Mexican,4567.747051,1,Card,3,8958977848
177,39,Female,Urban,Student,11,Lunch,72.40799153,Indian,818.4113301,0,Card,3,1422434636
178,45,Female,Rural,Professional,13,Dinner,73.05503468,Indian,3265.046676,0,Card,2,8248332827
179,19,Female,Suburban,Retired,5,Weekend,77.81248996,Chinese,1241.107816,0,Card,1,9024394070
180,59,Male,Suburban,Professional,1,Weekend,88.55734794,Italian,868.1261004,0,Online,1,4014957874
181,62,Female,Urban,Professional,12,Dinner,54.99630928,Chinese,3448.804134,1,Online,3,5594578687
182,23,Male,Urban,Professional,11,Dinner,75.72242706,Chinese,3009.054638,1,Card,4,6045775219
183,45,Male,Suburban,Professional,17,Weekend,65.72554618,Chinese,3798.654546,0,Card,2,4249063736
184,45,Male,Rural,Retired,4,Weekend,26.79759458,Chinese,1616.366625,0,Online,1,2744648338
185,61,Female,Urban,Retired,15,Lunch,12.31206804,Mexican,2295.061116,0,Cash,1,6138859371
186,61,Female,Urban,Retired,9,Lunch,35.60872471,Mexican,2086.811214,1,Cash,5,6018289165
187,37,Female,Urban,Student,19,Weekend,49.87303357,Italian,4922.038373,1,Cash,3,3834453402
188,47,Male,Suburban,Retired,19,Lunch,65.539535,Chinese,1532.019888,1,Online,4,1531112035
189,28,Male,Suburban,Professional,12,Weekend,86.49633975,Mexican,1544.604468,0,Online,2,7136698238
190,45,Male,Suburban,Retired,5,Weekend,27.6621145,Italian,1837.286223,1,Cash,1,5081340526
191,42,Male,Suburban,Professional,10,Lunch,21.29948109,Chinese,2866.510998,1,Cash,5,3216687453
192,56,Male,Rural,Student,17,Lunch,96.71319527,Indian,1336.381447,1,Card,3,4471865144
193,50,Male,Rural,Professional,5,Dinner,19.72401034,Mexican,4584.920708,1,Online,3,9832418137
194,18,Female,Suburban,Professional,16,Dinner,53.06419631,Italian,1401.859268,1,Online,2,3341522797
195,44,Female,Rural,Professional,7,Dinner,62.70073559,Indian,4489.497085,0,Cash,1,1464497172
196,69,Female,Urban,Student,9,Weekend,58.72369788,Chinese,607.0278119,0,Cash,2,5787560230
197,30,Female,Urban,Retired,3,Lunch,17.74289413,Chinese,3317.157242,0,Online,2,6707652469
198,58,Male,Urban,Retired,15,Weekend,15.13242226,Chinese,4544.22904,0,Card,5,4416388811
199,20,Male,Suburban,Student,16,Lunch,19.49350847,Mexican,926.8722482,1,Cash,3,8038175173
200,56,Female,Urban,Professional,18,Weekend,62.70289155,Italian,4844.802104,0,Online,4,9205449113
201,23,Male,Rural,Retired,14,Dinner,58.99103989,Indian,2319.128466,0,Online,3,3601729672
202,25,Female,Suburban,Student,3,Dinner,31.03667128,Italian,4734.004031,0,Card,3,7859837389
203,44,Female,Rural,Retired,12,Dinner,67.39967277,Mexican,3416.418214,1,Card,5,5462147417
204,26,Female,Urban,Student,9,Weekend,83.80607519,Italian,1577.775662,0,Cash,4,6641160786
205,54,Male,Urban,Professional,7,Lunch,13.74210639,Mexican,1022.682372,1,Cash,1,9143075414
206,50,Female,Urban,Retired,9,Lunch,54.83169492,Chinese,1588.301727,1,Cash,4,7288598498
207,68,Female,Suburban,Student,13,Dinner,72.03793709,Indian,555.7853054,1,Online,1,4082314530
208,59,Female,Rural,Retired,18,Dinner,32.70807344,Chinese,804.9530351,0,Cash,4,9638225529
209,61,Male,Suburban,Retired,5,Dinner,37.69938148,Italian,612.8361577,1,Online,2,3607056095
210,41,Male,Suburban,Retired,13,Dinner,65.22741127,Chinese,2172.423364,0,Cash,4,9698680223
211,32,Female,Urban,Retired,4,Lunch,90.81417641,Indian,3998.334044,0,Card,5,3556174895
212,49,Male,Suburban,Student,2,Weekend,82.89319783,Chinese,792.7794157,0,Card,1,7312064641
213,49,Male,Suburban,Professional,16,Weekend,62.48171972,Indian,738.5701225,1,Online,3,5677637056
214,41,Male,Urban,Student,9,Weekend,75.7199546,Indian,3252.801853,1,Card,5,1571248924
215,58,Male,Suburban,Student,9,Weekend,42.83402232,Chinese,1066.196612,0,Online,1,3209145618
216,69,Male,Urban,Student,6,Dinner,67.68689753,Mexican,578.2891867,1,Online,1,3312363307
217,66,Male,Urban,Professional,11,Dinner,51.9563432,Italian,917.5580332,1,Card,3,7146925237
218,66,Male,Urban,Retired,1,Dinner,27.09425228,Mexican,4626.28384,1,Online,2,7217498391
219,69,Male,Urban,Retired,4,Weekend,73.15644465,Mexican,4125.209139,0,Card,5,1194372021
220,29,Male,Suburban,Retired,13,Dinner,60.08181736,Chinese,1834.916356,1,Cash,3,1137213415
221,56,Male,Urban,Professional,13,Dinner,42.27594238,Italian,3313.52176,1,Cash,3,1338805819
222,19,Female,Urban,Retired,13,Lunch,92.02052711,Italian,2732.650801,0,Card,2,3075915782
223,20,Female,Suburban,Professional,2,Lunch,11.8840706,Mexican,3417.908891,1,Card,5,2546858893
224,66,Male,Suburban,Retired,9,Dinner,38.41958361,Chinese,3445.088647,0,Card,3,1776690912
225,54,Female,Rural,Retired,8,Lunch,15.1193258,Italian,3180.796674,1,Card,2,9113182931
226,66,Female,Suburban,Student,7,Lunch,78.98745846,Mexican,1403.896706,1,Cash,5,9788615907
227,34,Male,Suburban,Professional,4,Dinner,73.18967087,Italian,291.1314617,1,Online,4,1068913436
228,66,Male,Rural,Student,18,Dinner,39.82169969,Chinese,2332.277232,1,Online,1,6353647765
229,19,Male,Suburban,Student,3,Dinner,70.8096612,Chinese,4465.772035,1,Cash,2,1699744039
230,19,Female,Suburban,Student,6,Dinner,45.63435036,Chinese,2890.536567,1,Online,1,8261015141
231,45,Female,Suburban,Professional,12,Weekend,78.06284123,Italian,4178.716104,0,Cash,4,4298986378
232,40,Male,Suburban,Professional,12,Weekend,50.87652965,Indian,4958.959281,1,Online,3,3874782700
233,54,Male,Rural,Retired,8,Dinner,47.1051755,Italian,901.7194003,1,Card,3,9284561669
234,49,Male,Suburban,Student,1,Lunch,94.12569239,Indian,3489.710432,1,Card,5,3152693152
235,50,Female,Suburban,Retired,4,Dinner,32.57911899,Chinese,3404.038511,0,Card,2,4083337099
236,18,Female,Rural,Student,11,Dinner,20.8402606,Mexican,4901.781692,0,Cash,2,7958155738
237,36,Female,Urban,Professional,3,Lunch,62.60888019,Indian,4929.443596,0,Cash,5,2651824255
238,19,Female,Rural,Professional,13,Weekend,97.23896311,Chinese,3464.725197,1,Online,1,6027004327
239,61,Male,Urban,Professional,17,Dinner,44.00552924,Chinese,1293.712481,1,Online,3,3444177640
240,43,Male,Rural,Student,10,Dinner,15.58330873,Indian,4012.923607,0,Online,3,7279902284
241,49,Male,Rural,Professional,12,Weekend,40.53747406,Mexican,624.4427576,0,Cash,2,5176287267
242,23,Male,Suburban,Student,15,Weekend,55.53384889,Chinese,3925.42659,0,Online,2,5773375804
243,49,Female,Urban,Retired,10,Lunch,24.5730706,Indian,4559.961008,1,Card,5,6363730689
244,21,Female,Suburban,Student,14,Weekend,69.22919963,Mexican,1975.883634,0,Online,4,9956023331
245,28,Male,Urban,Retired,13,Weekend,99.79744501,Mexican,3190.112945,1,Card,1,5018808516
246,34,Male,Rural,Student,5,Weekend,50.65655284,Chinese,2207.699387,1,Cash,4,6302285801
247,55,Female,Rural,Retired,6,Lunch,41.92557011,Italian,2245.048769,1,Card,4,8851233725
248,41,Male,Urban,Professional,2,Weekend,46.06337502,Italian,1620.817357,0,Card,2,2202158175
249,22,Female,Suburban,Retired,17,Weekend,20.36315606,Chinese,3834.43514,1,Card,2,7607640981
250,69,Male,Suburban,Professional,4,Lunch,89.49462413,Mexican,4687.265164,0,Cash,2,1128099574
251,51,Male,Suburban,Professional,14,Weekend,47.334309,Chinese,4709.67921,0,Cash,4,7566877675
252,23,Male,Suburban,Retired,10,Weekend,44.85469703,Indian,956.4282959,0,Cash,1,5619549906
253,39,Male,Rural,Student,3,Lunch,69.37212456,Italian,4386.243883,0,Cash,2,5461321243
254,28,Male,Rural,Student,3,Dinner,49.78300788,Indian,3713.414063,1,Online,3,8445736605
255,65,Male,Rural,Student,15,Lunch,68.34101219,Chinese,1338.903263,1,Cash,1,8623988793
256,33,Male,Rural,Student,6,Weekend,15.53016611,Chinese,429.6946033,1,Card,3,8938017191
257,50,Female,Rural,Student,17,Weekend,83.23510094,Mexican,1413.186608,1,Cash,1,1455457005
258,26,Female,Suburban,Professional,12,Weekend,94.64535576,Mexican,4569.82036,0,Online,2,6253800212
259,23,Female,Suburban,Student,11,Lunch,68.38888475,Mexican,3202.575507,0,Online,5,9307914887
260,33,Female,Suburban,Professional,4,Weekend,95.9109336,Indian,3633.167838,0,Online,2,1023762108
261,46,Female,Suburban,Professional,6,Weekend,23.62890829,Mexican,1360.04652,0,Card,4,2563893713
262,20,Male,Rural,Professional,1,Lunch,52.96745705,Chinese,3625.001962,1,Cash,4,6105992332
263,37,Male,Rural,Retired,16,Dinner,64.16260606,Mexican,237.7953808,0,Cash,1,9434343473
264,53,Female,Rural,Retired,15,Dinner,62.35629827,Italian,1939.074594,1,Cash,4,4887778105
265,36,Male,Urban,Professional,17,Weekend,46.13156012,Mexican,3171.091408,0,Card,2,6707365898
266,43,Female,Suburban,Retired,8,Lunch,40.42759684,Indian,815.8731712,0,Card,3,4143009326
267,20,Female,Suburban,Student,12,Weekend,21.41416203,Italian,4132.717515,0,Online,2,3334725614
268,36,Male,Rural,Student,10,Lunch,45.25682055,Italian,1251.653364,0,Online,1,7067849502
269,37,Male,Suburban,Professional,15,Lunch,24.63947336,Italian,3296.177453,1,Cash,4,7525321613
270,49,Male,Suburban,Student,9,Dinner,76.09291088,Indian,2085.465999,1,Card,3,2127476137
271,24,Female,Rural,Professional,2,Dinner,28.79478419,Chinese,3020.613618,1,Card,5,9561403552
272,69,Male,Urban,Professional,5,Lunch,15.27087748,Mexican,626.5077079,1,Cash,3,9468899151
273,58,Female,Urban,Student,6,Weekend,59.7129524,Italian,182.8727196,0,Cash,3,6554816707
274,50,Female,Urban,Retired,7,Dinner,63.57067594,Italian,4556.865694,0,Online,2,9235811071
275,57,Female,Rural,Student,1,Weekend,88.47217552,Italian,1421.187043,1,Online,5,2955074973
276,56,Male,Suburban,Student,7,Dinner,61.92834512,Chinese,4116.417314,1,Online,1,5171008798
277,35,Male,Rural,Professional,12,Dinner,41.09327684,Chinese,4996.816472,0,Cash,1,6678127583
278,57,Female,Rural,Professional,16,Weekend,82.27106934,Indian,1136.013164,0,Cash,3,3304900275
279,18,Male,Suburban,Professional,16,Dinner,58.62510039,Chinese,1399.336632,1,Online,3,6208593832
280,28,Male,Urban,Professional,11,Dinner,17.13522562,Mexican,3348.012959,1,Online,4,2992977165
281,45,Male,Urban,Retired,4,Weekend,60.92655043,Indian,4830.69831,1,Card,5,7724757654
282,42,Female,Rural,Retired,13,Dinner,91.72166909,Indian,4587.490306,0,Card,3,1209379702
283,67,Female,Urban,Retired,7,Dinner,45.66813629,Mexican,2564.090048,1,Online,4,6878741368
284,40,Male,Rural,Professional,4,Dinner,36.66932217,Mexican,3996.040384,1,Online,5,9975210563
285,48,Female,Rural,Professional,15,Weekend,22.91225113,Mexican,765.1546802,1,Card,1,6952189297
286,47,Male,Suburban,Professional,19,Lunch,23.63009697,Indian,4889.447103,1,Online,4,4702013295
287,59,Male,Suburban,Retired,9,Weekend,48.94943359,Indian,4825.330847,1,Card,5,9904317837
288,52,Male,Suburban,Professional,11,Lunch,63.61118417,Indian,902.2718936,0,Card,4,6419757529
289,24,Male,Rural,Student,8,Dinner,17.25538647,Mexican,1567.173312,1,Card,3,6618824641
290,33,Female,Suburban,Student,1,Lunch,94.56117301,Mexican,590.7594878,0,Cash,2,9223173367
291,43,Female,Urban,Professional,8,Weekend,77.96202557,Italian,1431.416235,1,Cash,1,3692406085
292,65,Female,Urban,Student,13,Weekend,62.79615265,Chinese,4098.183368,1,Online,3,8458614567
293,69,Male,Rural,Student,4,Dinner,84.55948038,Italian,1953.746475,1,Card,3,8659685116
294,66,Male,Rural,Retired,8,Lunch,17.21680811,Mexican,533.145139,0,Cash,5,5793611212
295,19,Male,Suburban,Professional,3,Dinner,52.915499,Indian,1776.905071,0,Online,4,2465761515
296,18,Female,Rural,Professional,9,Dinner,66.70838142,Mexican,4908.778338,0,Online,1,8519304932
297,65,Male,Rural,Retired,2,Weekend,84.57876155,Chinese,3185.449617,1,Online,3,1246371045
298,29,Female,Urban,Student,2,Lunch,80.5122604,Italian,2139.188637,1,Online,5,8611525957
299,22,Female,Urban,Student,13,Lunch,34.93623247,Italian,916.0387161,0,Online,1,8907146685
300,54,Female,Suburban,Professional,15,Lunch,94.67921526,Indian,4932.266307,0,Card,4,9274690339
301,49,Female,Rural,Student,12,Lunch,21.19112573,Italian,4122.160145,1,Online,3,2028870341
302,26,Female,Rural,Retired,4,Dinner,88.76202568,Italian,1479.238782,0,Card,3,6741301951
303,58,Female,Urban,Retired,8,Dinner,97.38462246,Mexican,443.336609,1,Cash,3,4051312499
304,52,Male,Rural,Professional,9,Weekend,25.94381709,Italian,377.4652312,0,Online,1,1392686279
305,36,Male,Urban,Retired,5,Dinner,74.98594578,Italian,689.8529326,0,Cash,1,8004734049
306,65,Female,Suburban,Retired,18,Dinner,13.62569669,Italian,2945.76606,0,Card,1,3357115790
307,33,Female,Urban,Professional,11,Weekend,46.48805426,Indian,4650.940764,1,Card,1,3276429048
308,20,Male,Rural,Retired,15,Weekend,56.46549693,Indian,2534.042797,1,Cash,5,5829096173
309,37,Female,Suburban,Retired,9,Weekend,62.25807033,Mexican,4230.432864,0,Online,2,1217578518
310,41,Female,Urban,Retired,17,Dinner,94.23435234,Italian,2284.844437,1,Online,5,1393290860
311,50,Male,Urban,Student,12,Dinner,70.50256186,Indian,3572.059374,1,Cash,3,5382189042
312,41,Female,Suburban,Professional,7,Weekend,53.31501561,Indian,3686.176413,1,Cash,5,6975978820
313,69,Female,Suburban,Professional,10,Weekend,82.87075326,Mexican,952.4221589,1,Cash,4,4504027936
314,28,Female,Urban,Professional,10,Weekend,95.54795389,Chinese,1869.958689,0,Online,1,5631551741
315,66,Male,Rural,Student,13,Dinner,11.98595338,Italian,3222.780567,1,Online,4,9607090007
316,25,Male,Urban,Student,19,Dinner,98.4269145,Indian,446.4133801,1,Online,4,9651156837
317,53,Male,Suburban,Professional,11,Lunch,17.75189252,Mexican,1871.54692,0,Cash,3,3921519676
318,55,Female,Urban,Student,13,Dinner,83.29481013,Mexican,2720.517385,1,Online,1,6792610921
319,57,Female,Suburban,Professional,8,Dinner,35.23012773,Mexican,4981.500016,1,Card,4,6975463593
320,37,Male,Suburban,Student,8,Dinner,21.8961692,Indian,2425.214457,1,Cash,3,9543694670
321,52,Female,Rural,Retired,4,Weekend,49.58700757,Italian,4098.67811,0,Online,1,8347970746
322,65,Female,Suburban,Retired,15,Dinner,67.95609215,Chinese,2217.129697,0,Cash,2,3005161460
323,42,Female,Suburban,Professional,11,Weekend,44.28566605,Italian,4002.314541,1,Card,3,5088402072
324,52,Female,Rural,Student,11,Lunch,14.91088675,Mexican,3017.532528,1,Card,5,2249893396
325,42,Female,Suburban,Student,1,Lunch,63.95150257,Mexican,4444.317663,0,Cash,1,2369181494
326,46,Male,Rural,Retired,17,Weekend,91.21629485,Chinese,2113.618507,0,Cash,4,5955411045
327,35,Female,Rural,Retired,15,Weekend,44.48938294,Italian,3061.091657,0,Card,4,2492477482
328,63,Male,Suburban,Student,6,Weekend,29.46994999,Mexican,3187.091535,1,Cash,5,4427621504
329,35,Female,Suburban,Student,15,Dinner,49.83196113,Mexican,2145.176415,1,Card,5,9217528925
330,19,Male,Urban,Student,9,Lunch,14.35264399,Italian,807.1290141,0,Card,4,9602125664
331,52,Female,Rural,Student,14,Weekend,83.8438826,Mexican,558.4410939,1,Online,1,5883667107
332,33,Male,Urban,Student,18,Dinner,84.37067299,Italian,181.6905979,1,Cash,3,3518231445
333,58,Female,Suburban,Student,17,Lunch,62.92004171,Mexican,4380.317895,1,Cash,5,1767157703
334,53,Male,Urban,Professional,18,Dinner,41.77926,Italian,1258.72707,1,Online,5,5113959532
335,50,Female,Rural,Student,5,Lunch,81.9805028,Chinese,1136.383071,1,Card,5,9749198344
336,21,Male,Urban,Retired,9,Dinner,59.92183223,Mexican,3706.573462,1,Cash,2,3161901495
337,50,Female,Rural,Professional,11,Lunch,84.33390777,Chinese,1668.078954,1,Online,1,8196131131
338,31,Male,Suburban,Student,1,Lunch,66.83129133,Mexican,2579.618993,0,Online,1,6896168811
339,38,Male,Suburban,Retired,18,Dinner,80.59649259,Mexican,896.30422,0,Cash,1,7077779697
340,65,Female,Rural,Professional,6,Weekend,63.87066939,Indian,4802.754035,0,Online,1,4728546128
341,37,Female,Suburban,Retired,2,Lunch,47.27269614,Italian,4272.74886,0,Card,1,9968278492
342,25,Male,Suburban,Student,15,Weekend,96.21512739,Chinese,4332.569153,0,Online,4,7901529983
343,24,Female,Suburban,Student,14,Dinner,58.70024424,Chinese,2093.191368,0,Card,5,6081582787
344,20,Male,Suburban,Student,5,Weekend,64.45805667,Chinese,3835.569947,0,Card,4,9546617492
345,34,Male,Rural,Student,6,Weekend,29.84388755,Italian,804.9931614,0,Cash,2,7205940560
346,50,Male,Urban,Professional,6,Weekend,66.30857105,Indian,142.2331127,0,Online,3,2672342643
347,65,Female,Urban,Professional,18,Weekend,61.44468845,Chinese,197.8673696,1,Card,5,1572930719
348,29,Male,Suburban,Retired,14,Weekend,26.63545582,Italian,2974.348513,1,Card,2,6904428811
349,68,Male,Urban,Student,10,Lunch,15.36283876,Mexican,2331.435036,0,Online,4,1603513614
350,39,Female,Urban,Retired,14,Lunch,64.39233877,Chinese,2638.27521,1,Card,3,6453543173
351,39,Female,Suburban,Professional,13,Lunch,78.73230424,Chinese,136.569388,1,Online,2,1164791343
352,63,Female,Suburban,Student,3,Dinner,57.10612338,Indian,2171.164436,0,Cash,3,5961450067
353,47,Female,Urban,Student,6,Weekend,30.40953628,Chinese,3618.53399,0,Card,2,4146010500
354,55,Male,Rural,Professional,8,Lunch,69.9869779,Chinese,2269.19914,0,Card,4,8267461029
355,55,Male,Suburban,Professional,12,Dinner,17.20951539,Mexican,3687.874111,1,Online,3,9876377168
356,62,Male,Rural,Professional,13,Lunch,49.76503343,Italian,1241.792926,1,Online,2,6687421472
357,68,Male,Urban,Professional,11,Lunch,24.70300826,Italian,4084.395822,0,Online,4,4842159149
358,25,Female,Suburban,Professional,12,Weekend,26.6013146,Indian,2983.313078,1,Online,5,5532839968
359,44,Male,Rural,Student,1,Dinner,28.20645542,Mexican,1132.739187,1,Card,4,4492286793
360,44,Male,Suburban,Professional,17,Weekend,44.80363513,Italian,1259.930332,1,Cash,4,1508855506
361,51,Female,Urban,Student,16,Weekend,14.60351851,Mexican,3177.349276,0,Cash,5,6623651222
362,38,Male,Rural,Student,11,Lunch,45.80140968,Italian,4166.704007,1,Cash,4,1674818067
363,47,Male,Urban,Professional,13,Weekend,56.05367024,Mexican,2136.576132,1,Cash,5,1417357722
364,50,Male,Urban,Professional,18,Dinner,53.49648565,Indian,1365.672103,1,Online,5,1568735491
365,45,Male,Suburban,Student,11,Weekend,44.45056904,Chinese,4348.356874,1,Card,5,8596375653
366,64,Male,Rural,Professional,12,Weekend,85.52319473,Indian,3379.41463,1,Card,2,1614851526
367,50,Male,Urban,Professional,6,Weekend,23.07940232,Italian,2295.618888,1,Card,3,2113466993
368,22,Female,Urban,Professional,9,Lunch,55.51270694,Indian,2490.710957,1,Online,2,1259788377
369,65,Female,Rural,Retired,16,Dinner,15.58372753,Chinese,1100.856693,0,Card,5,8578551506
370,36,Male,Urban,Student,4,Lunch,16.4040111,Indian,3171.332887,0,Online,3,8765920851
371,21,Male,Urban,Retired,3,Lunch,61.64792647,Italian,1857.838302,1,Card,3,2054472108
372,52,Female,Rural,Professional,16,Lunch,60.94165824,Italian,4978.661366,0,Cash,5,9179523215
373,66,Male,Rural,Retired,12,Lunch,89.02301616,Indian,2452.899225,1,Online,3,3456768076
374,34,Male,Rural,Professional,11,Lunch,60.20863081,Chinese,2480.83947,1,Card,3,4954346953
375,61,Male,Rural,Retired,5,Dinner,96.38119184,Indian,2872.673758,1,Cash,2,9324241695
376,45,Female,Suburban,Professional,18,Weekend,14.38253636,Chinese,4592.104415,0,Cash,3,3631212628
377,47,Male,Rural,Retired,19,Lunch,18.82069163,Mexican,4024.008689,1,Cash,5,8897643509
378,46,Female,Suburban,Retired,6,Lunch,13.96592754,Chinese,2310.537342,1,Online,1,1258763412
379,63,Male,Suburban,Retired,18,Dinner,26.67491653,Mexican,3621.626403,0,Online,1,9615771873
380,23,Female,Suburban,Student,6,Dinner,58.71430998,Indian,2972.553944,0,Card,1,3632085110
381,52,Female,Urban,Retired,4,Weekend,68.10149633,Chinese,2512.598539,1,Cash,5,9748398129
382,58,Male,Suburban,Student,12,Dinner,14.10266422,Mexican,1042.347287,0,Card,1,6655623527
383,54,Female,Suburban,Professional,19,Weekend,95.13738009,Mexican,2373.287691,0,Card,2,7306906512
384,41,Male,Urban,Retired,2,Lunch,85.7948839,Mexican,1304.511076,1,Cash,5,8561974687
385,46,Female,Urban,Professional,17,Lunch,36.69512339,Italian,4582.726534,1,Card,5,9691824726
386,66,Male,Urban,Professional,11,Weekend,16.94687772,Indian,1743.493386,1,Online,5,6739393302
387,63,Male,Rural,Retired,11,Dinner,25.28983659,Mexican,4766.093671,0,Card,3,7103679590
388,48,Female,Urban,Student,16,Weekend,21.42499724,Chinese,2711.970921,0,Cash,3,1527210239
389,52,Male,Urban,Retired,2,Dinner,21.09554014,Mexican,3194.567456,0,Online,3,5753037775
390,50,Male,Suburban,Professional,2,Lunch,56.67055198,Italian,2760.408178,1,Online,4,4592986373
391,69,Female,Urban,Professional,8,Dinner,32.12626982,Indian,733.9650231,0,Card,2,8055818060
392,38,Male,Rural,Retired,13,Weekend,42.23257449,Italian,1941.523973,0,Card,5,7196835770
393,49,Male,Urban,Student,10,Weekend,99.05548,Italian,585.8159502,1,Online,5,8763613456
394,40,Female,Rural,Student,8,Lunch,71.5882824,Italian,3152.474816,1,Card,3,5745266660
395,50,Female,Urban,Professional,4,Dinner,95.40826003,Chinese,2289.683556,1,Cash,5,5267551381
396,20,Male,Urban,Professional,15,Dinner,22.83008995,Indian,3912.126361,0,Card,5,4701608919
397,35,Male,Urban,Student,1,Dinner,44.39255273,Indian,1180.305357,1,Card,1,3897727830
398,42,Female,Urban,Retired,11,Lunch,59.9258623,Chinese,906.3736863,0,Online,5,8186924216
399,59,Female,Rural,Professional,7,Dinner,16.90822557,Indian,2091.027932,0,Card,4,7529729430
400,48,Male,Rural,Student,17,Weekend,10.37686993,Italian,4640.268378,1,Card,3,4575704863
401,20,Female,Suburban,Professional,18,Dinner,70.33909004,Indian,3581.066894,1,Card,2,4698085282
402,57,Male,Rural,Retired,12,Lunch,67.76375651,Chinese,2152.725761,1,Cash,2,8046276473
403,63,Male,Urban,Student,9,Dinner,46.9709929,Italian,2634.633632,1,Card,1,4881115064
404,41,Male,Suburban,Professional,5,Dinner,54.06796684,Chinese,512.6437548,1,Cash,2,2178209403
405,67,Male,Suburban,Retired,10,Weekend,47.38987005,Mexican,4924.421892,0,Cash,2,4514058321
406,49,Male,Suburban,Professional,4,Dinner,12.16045404,Italian,3365.395793,0,Cash,3,3767447726
407,64,Female,Urban,Retired,5,Weekend,40.18344456,Italian,1498.479935,0,Cash,3,5685347864
408,39,Female,Rural,Retired,10,Weekend,25.93740299,Indian,2970.461132,1,Online,4,7274103800
409,40,Female,Urban,Student,11,Lunch,18.85817702,Italian,636.4635937,0,Cash,1,3508735167
410,19,Female,Suburban,Retired,10,Weekend,96.10483905,Chinese,4832.599677,1,Card,2,2499762529
411,44,Male,Urban,Professional,8,Weekend,63.94237525,Indian,956.4464406,1,Cash,4,2198912798
412,59,Male,Urban,Retired,2,Lunch,75.57906558,Mexican,3275.348558,0,Card,1,1986672745
413,19,Male,Rural,Retired,8,Weekend,38.38273689,Chinese,1302.726866,0,Cash,2,7624615383
414,43,Male,Rural,Student,16,Lunch,45.38324165,Mexican,3616.050775,1,Online,2,5004819128
415,34,Female,Suburban,Retired,5,Dinner,31.32315945,Mexican,3906.424699,0,Cash,3,7209126710
416,57,Male,Urban,Retired,3,Lunch,18.72691039,Mexican,3399.756672,1,Cash,5,5332840220
417,50,Male,Urban,Professional,12,Weekend,26.11284737,Italian,3111.047355,0,Online,1,3675151910
418,26,Female,Rural,Student,13,Lunch,81.77626408,Chinese,4473.09856,0,Cash,2,7238178560
419,60,Female,Urban,Student,13,Weekend,70.97912247,Chinese,485.2708838,0,Card,1,9151052055
420,65,Female,Urban,Student,10,Dinner,59.22359884,Italian,1721.482352,0,Cash,4,1617943122
421,56,Female,Urban,Retired,4,Lunch,52.75808856,Indian,1316.60865,0,Cash,4,7473497838
422,46,Male,Rural,Student,9,Dinner,93.01908553,Mexican,4941.268414,1,Cash,5,8696129584
423,59,Male,Suburban,Retired,2,Weekend,16.5461453,Chinese,2008.00992,0,Online,2,7783299820
424,43,Female,Suburban,Retired,19,Weekend,35.25407319,Italian,3689.802226,0,Cash,3,2594543244
425,52,Male,Urban,Professional,1,Dinner,41.49440682,Mexican,3455.153303,0,Cash,2,3668402633
426,67,Male,Suburban,Professional,7,Lunch,80.4183231,Indian,1139.198064,1,Card,1,4678566169
427,42,Male,Rural,Professional,17,Lunch,99.32631581,Indian,1271.088633,1,Cash,4,8597911542
428,41,Female,Rural,Professional,3,Weekend,31.66034633,Mexican,1478.294361,1,Cash,1,8201159876
429,30,Male,Suburban,Professional,3,Dinner,88.68766007,Indian,2114.523663,1,Cash,5,7996516182
430,24,Female,Suburban,Retired,3,Dinner,84.75604844,Chinese,1248.192822,1,Cash,4,5294410331
431,53,Male,Urban,Retired,17,Lunch,30.21916579,Chinese,196.2922655,0,Card,3,1964511449
432,62,Male,Suburban,Student,7,Lunch,45.93993222,Chinese,4409.025978,0,Card,4,7942414447
433,37,Male,Urban,Retired,14,Lunch,46.87055824,Indian,4831.488174,0,Online,2,3843180122
434,18,Female,Urban,Retired,17,Dinner,98.03986017,Chinese,1773.694896,1,Cash,2,5016412199
435,25,Male,Rural,Professional,18,Lunch,26.28027112,Italian,1758.683709,1,Online,4,1594019332
436,63,Female,Rural,Retired,13,Lunch,81.9242174,Chinese,134.7498826,0,Online,5,4691521317
437,33,Female,Rural,Professional,18,Weekend,40.07734428,Chinese,3433.228373,1,Cash,2,9989167399
438,31,Female,Rural,Student,4,Lunch,75.77833112,Indian,4144.655489,1,Card,2,7062508797
439,29,Male,Suburban,Student,1,Lunch,47.80099039,Chinese,818.3806718,1,Card,3,9723024676
440,68,Male,Rural,Retired,18,Dinner,62.05237868,Mexican,882.3651119,0,Cash,4,2246202753
441,40,Male,Suburban,Student,1,Dinner,84.9350596,Italian,3971.407925,0,Cash,2,9808560105
442,32,Male,Rural,Retired,13,Weekend,82.37490085,Indian,3119.824667,1,Card,5,3357514849
443,45,Female,Suburban,Student,10,Lunch,87.97808652,Italian,319.8167324,1,Cash,1,6539198931
444,51,Female,Urban,Professional,11,Weekend,15.36555928,Mexican,3150.480253,1,Cash,4,4521984131
445,19,Female,Suburban,Professional,9,Dinner,72.28454977,Indian,1613.696842,1,Cash,3,2728749611
446,49,Male,Suburban,Professional,9,Weekend,22.5988639,Indian,1906.753262,0,Card,2,9428940312
447,40,Female,Rural,Professional,5,Dinner,47.42367112,Chinese,3871.68395,1,Online,5,9168681147
448,39,Male,Suburban,Retired,1,Weekend,59.37295735,Italian,4073.582444,0,Online,4,9046204369
449,68,Female,Urban,Student,17,Weekend,46.24655363,Mexican,2061.747472,0,Cash,5,5617361293
450,42,Male,Urban,Retired,2,Lunch,56.76505082,Mexican,4741.049386,0,Card,5,1391945424
451,39,Male,Rural,Professional,13,Weekend,99.68736779,Indian,2091.667318,1,Cash,3,7992958754
452,39,Female,Urban,Retired,9,Lunch,22.16955823,Chinese,3881.996573,0,Card,4,1922371242
453,66,Female,Suburban,Student,4,Lunch,70.79104408,Indian,2470.998596,0,Cash,2,4277150208
454,69,Female,Urban,Retired,5,Lunch,45.64008697,Indian,4497.9084,1,Card,3,4643020148
455,59,Female,Rural,Student,11,Lunch,21.9708819,Indian,4548.030094,1,Card,2,5836918342
456,23,Male,Suburban,Retired,19,Weekend,24.2863087,Indian,528.3423586,1,Online,1,1233726427
457,32,Female,Rural,Student,3,Dinner,95.43457956,Mexican,4688.817323,0,Cash,5,1619079850
458,60,Female,Suburban,Student,12,Dinner,89.1641347,Mexican,4145.120723,1,Online,1,3723050276
459,54,Female,Urban,Professional,19,Dinner,91.63377644,Indian,3977.4225,0,Online,5,1193809858
460,50,Male,Rural,Student,19,Weekend,99.23794982,Indian,1084.465564,0,Card,3,5206973721
461,25,Male,Rural,Professional,13,Lunch,28.7483851,Chinese,4045.084123,1,Cash,2,4065544943
462,61,Female,Suburban,Professional,7,Dinner,41.98954036,Indian,4265.6504,0,Card,2,2354250060
463,61,Male,Rural,Professional,15,Weekend,70.22971269,Mexican,1516.836639,0,Card,3,6141374344
464,22,Female,Suburban,Retired,7,Lunch,53.54222859,Italian,4766.074384,0,Card,4,5143851957
465,56,Male,Suburban,Retired,8,Dinner,47.655058,Mexican,344.3147174,0,Cash,1,7652548496
466,21,Male,Suburban,Retired,5,Lunch,42.20301244,Chinese,834.5553409,1,Cash,1,1339196722
467,23,Male,Suburban,Retired,14,Dinner,63.44025687,Mexican,2734.147576,0,Card,2,6241226884
468,62,Male,Urban,Student,4,Dinner,61.80340858,Italian,2921.383108,1,Cash,2,9448339096
469,49,Female,Suburban,Student,10,Dinner,24.53120507,Indian,3261.235408,0,Card,2,6118034926
470,69,Female,Rural,Retired,15,Lunch,52.45658538,Italian,183.1487336,0,Cash,3,8711078563
471,47,Female,Urban,Student,18,Weekend,59.81245986,Indian,4805.797196,1,Cash,4,7916131547
472,64,Male,Rural,Student,13,Lunch,61.32582449,Indian,318.4816544,0,Online,1,4766504637
473,52,Female,Urban,Professional,8,Dinner,28.90964736,Mexican,801.0035683,0,Card,5,2332372407
474,57,Female,Suburban,Professional,9,Lunch,76.8044253,Mexican,168.6711359,0,Online,3,7514001519
475,69,Female,Urban,Professional,16,Weekend,12.26791853,Mexican,2877.606323,0,Online,1,9348213741
476,33,Male,Urban,Professional,19,Lunch,41.934867,Chinese,4668.107731,0,Card,4,6852362270
477,30,Male,Rural,Student,16,Weekend,80.21913837,Mexican,3363.141114,0,Card,3,2427575046
478,67,Male,Rural,Retired,7,Weekend,60.75036289,Chinese,4131.021596,1,Cash,1,9038032205
479,59,Female,Suburban,Student,14,Lunch,33.50461893,Mexican,165.0778969,1,Card,3,7233114253
480,47,Female,Urban,Student,14,Dinner,72.54578074,Indian,2755.874963,1,Online,1,7429678768
481,36,Female,Urban,Student,4,Weekend,61.06518497,Chinese,2351.85859,0,Online,1,6008777901
482,34,Male,Urban,Professional,15,Lunch,81.66192485,Italian,2544.942927,0,Card,4,4697868546
483,36,Male,Suburban,Professional,3,Weekend,76.15226676,Chinese,453.8446081,0,Online,5,4815404309
484,45,Female,Suburban,Professional,5,Dinner,64.90971298,Chinese,3453.733269,1,Cash,4,8862620706
485,43,Male,Suburban,Retired,1,Lunch,53.93599078,Italian,2565.780033,0,Online,1,5591770569
486,54,Male,Suburban,Student,3,Lunch,21.98639131,Chinese,3849.229364,1,Cash,3,5888813516
487,43,Male,Suburban,Retired,15,Lunch,33.51997161,Indian,2477.924107,0,Online,4,9951115042
488,40,Male,Rural,Professional,8,Dinner,47.71895256,Mexican,831.9700175,0,Cash,5,3876547631
489,26,Female,Urban,Retired,4,Weekend,63.93693583,Italian,3276.459075,0,Cash,1,6353743122
490,29,Male,Urban,Student,2,Lunch,56.23370697,Mexican,944.6931743,1,Card,4,9374535797
491,18,Male,Urban,Student,10,Weekend,35.93660734,Indian,4374.73336,0,Cash,4,7208397803
492,18,Male,Urban,Professional,4,Weekend,10.5817922,Italian,3104.269571,1,Card,4,8017277609
493,64,Male,Urban,Professional,3,Dinner,54.66152997,Mexican,870.2990294,0,Online,4,4549165571
494,51,Female,Urban,Retired,2,Lunch,35.70633897,Mexican,4815.456482,0,Online,3,6444232567
495,49,Female,Urban,Professional,17,Weekend,76.11474706,Indian,2639.99077,1,Online,5,7937808210
496,65,Male,Urban,Professional,13,Lunch,12.15516387,Mexican,457.2024142,0,Cash,5,8796572618
497,42,Male,Rural,Student,5,Lunch,62.63450302,Indian,3171.481232,0,Online,1,6815880779
498,57,Male,Urban,Professional,9,Dinner,94.73268138,Chinese,1340.674644,0,Online,2,8304783938
499,62,Male,Rural,Professional,6,Lunch,25.69683404,Indian,4038.097914,0,Card,3,1024743382
500,18,Male,Suburban,Student,5,Lunch,52.44845417,Chinese,4107.32816,1,Card,1,2755231874
501,33,Male,Urban,Student,10,Weekend,18.22797926,Italian,4896.842044,1,Online,1,5718378343
502,56,Female,Suburban,Retired,8,Dinner,66.3113721,Mexican,2559.160702,0,Online,4,2331627475
503,22,Male,Suburban,Professional,7,Lunch,59.54785125,Indian,2329.288711,0,Cash,2,9631540027
504,39,Female,Suburban,Student,7,Weekend,46.66289718,Indian,3792.030467,1,Cash,2,7662797355
505,46,Female,Rural,Retired,6,Dinner,56.92393193,Mexican,749.1062161,0,Online,3,8511755724
506,20,Male,Suburban,Retired,3,Dinner,90.69171926,Mexican,2779.886018,1,Card,2,4418641646
507,29,Female,Suburban,Professional,19,Weekend,27.66648721,Italian,2776.613241,0,Online,1,3132436052
508,43,Female,Suburban,Professional,15,Weekend,12.03080605,Italian,538.4183018,1,Cash,2,5934537553
509,33,Female,Urban,Retired,4,Weekend,87.54983962,Indian,2148.122019,1,Card,2,2584931067
510,68,Female,Urban,Student,12,Weekend,61.94053741,Italian,4281.095513,1,Card,5,7365494445
511,54,Female,Rural,Retired,6,Weekend,90.15926099,Chinese,4295.152748,1,Cash,1,6481696084
512,39,Female,Rural,Professional,19,Lunch,63.72507011,Italian,586.2645581,0,Online,2,6253481498
513,46,Male,Urban,Student,4,Lunch,82.9144981,Italian,544.5323255,0,Online,2,8434104379
514,31,Female,Rural,Student,15,Dinner,48.6706027,Indian,1387.207837,1,Online,4,3788233646
515,45,Female,Urban,Retired,9,Lunch,77.48739382,Chinese,4386.353707,1,Cash,2,7357258588
516,22,Female,Suburban,Professional,5,Lunch,92.17373202,Italian,731.6226669,1,Card,2,5301036051
517,64,Male,Suburban,Retired,13,Lunch,61.49106673,Chinese,3627.984333,1,Cash,5,6495677202
518,66,Female,Rural,Retired,18,Weekend,26.27066355,Chinese,595.7115361,0,Online,1,6387102744
519,47,Male,Urban,Retired,5,Dinner,34.19178535,Chinese,3153.375483,1,Cash,3,4594436005
520,63,Female,Urban,Student,16,Dinner,27.87801192,Mexican,1844.729766,1,Card,1,4713700502
521,69,Male,Rural,Student,19,Dinner,32.21713248,Mexican,3965.678419,1,Cash,4,8325567994
522,22,Male,Urban,Professional,14,Dinner,37.57739044,Mexican,1245.083199,1,Online,1,3583022862
523,29,Female,Suburban,Professional,16,Lunch,59.96204081,Mexican,3232.088964,1,Card,2,2198656575
524,33,Female,Rural,Retired,15,Lunch,62.91924665,Indian,1254.844419,1,Cash,4,8221677551
525,43,Male,Rural,Retired,4,Weekend,48.38497725,Italian,3596.935387,1,Cash,1,7442212740
526,43,Female,Urban,Retired,7,Dinner,65.38787018,Mexican,4381.022369,0,Card,4,4198546361
527,65,Male,Rural,Professional,16,Lunch,17.34174331,Indian,721.3288157,1,Card,3,6254732529
528,38,Male,Urban,Student,8,Lunch,17.90094134,Italian,4346.318874,1,Online,1,6833560390
529,56,Male,Urban,Student,17,Weekend,25.46465143,Mexican,3008.518747,1,Card,2,4824093348
530,53,Male,Urban,Retired,16,Weekend,56.62697482,Italian,722.8414052,0,Online,4,6671978536
531,50,Male,Urban,Retired,10,Weekend,29.25952108,Mexican,2194.955091,0,Cash,5,2316244899
532,47,Female,Urban,Retired,10,Lunch,35.49559631,Indian,888.2154381,0,Online,4,6593246928
533,54,Male,Rural,Retired,2,Lunch,46.02815526,Chinese,3531.704655,1,Cash,5,7223486179
534,40,Male,Suburban,Professional,9,Weekend,83.06795116,Chinese,3818.453859,1,Card,2,9371003420
535,27,Female,Suburban,Student,17,Dinner,11.24759223,Italian,618.4029493,1,Cash,3,5837470181
536,22,Male,Rural,Retired,11,Weekend,68.44409382,Indian,2580.085278,0,Card,5,4566176367
537,53,Female,Rural,Professional,10,Weekend,70.19888779,Chinese,4091.662775,1,Cash,3,1095638952
538,51,Female,Suburban,Retired,17,Weekend,81.87902023,Mexican,4687.198904,0,Cash,4,1357749645
539,69,Female,Suburban,Retired,4,Weekend,93.94776452,Chinese,2616.237547,0,Cash,2,1038585321
540,48,Male,Suburban,Student,16,Lunch,11.81240641,Italian,4756.368196,0,Cash,5,3542308396
541,27,Male,Suburban,Retired,15,Dinner,23.8405335,Italian,2724.875955,0,Online,4,4969447149
542,36,Male,Suburban,Student,5,Weekend,89.75541647,Indian,2031.533424,0,Cash,1,3543232821
543,49,Female,Urban,Student,6,Dinner,51.2666706,Italian,4256.19533,1,Online,4,5405356164
544,18,Male,Rural,Student,17,Dinner,60.8131575,Chinese,2515.615281,1,Card,3,6083729701
545,22,Female,Urban,Professional,1,Dinner,69.67244834,Chinese,2412.322302,0,Card,2,1669683823
546,62,Male,Suburban,Professional,19,Weekend,71.1159944,Chinese,2502.531198,1,Online,2,5834596436
547,21,Female,Suburban,Student,4,Lunch,93.8566363,Chinese,4249.246509,1,Card,4,1264484634
548,33,Male,Suburban,Retired,17,Weekend,99.72544757,Indian,4176.513554,0,Card,1,6837805751
549,41,Male,Urban,Student,9,Dinner,74.81417148,Mexican,2077.247963,0,Cash,3,2006769537
550,33,Male,Urban,Retired,2,Dinner,35.84990883,Mexican,1733.169313,1,Cash,4,4958568661
551,19,Female,Suburban,Student,8,Lunch,89.17771621,Indian,2510.447318,1,Cash,4,6288878239
552,66,Female,Urban,Retired,15,Weekend,14.42988231,Italian,2906.585298,1,Online,2,4942366528
553,45,Male,Urban,Professional,7,Dinner,30.79727676,Mexican,1267.852332,1,Online,3,9093473139
554,49,Male,Suburban,Retired,6,Lunch,90.76471457,Italian,3990.379915,0,Card,1,7924567850
555,44,Female,Urban,Student,1,Dinner,33.0572363,Mexican,2483.765552,1,Cash,2,9301415162
556,37,Female,Rural,Professional,15,Lunch,29.85859537,Italian,1736.823187,0,Online,4,6388999317
557,41,Female,Rural,Retired,7,Lunch,22.43127638,Indian,623.4228655,0,Online,2,3714884036
558,29,Male,Rural,Retired,17,Weekend,87.32005819,Chinese,1270.341286,1,Cash,2,6937117250
559,67,Female,Rural,Retired,2,Dinner,55.00524333,Italian,4751.477742,1,Online,5,3181484469
560,52,Male,Suburban,Retired,9,Weekend,70.74038827,Chinese,1594.988465,1,Cash,2,6924464143
561,50,Female,Suburban,Retired,9,Dinner,31.51597457,Italian,927.4105179,0,Card,2,6815266246
562,50,Male,Suburban,Professional,13,Weekend,78.22363789,Italian,2357.296679,0,Card,3,4058616141
563,68,Female,Rural,Professional,6,Dinner,78.40049905,Italian,1604.729942,0,Card,2,5215640743
564,60,Female,Rural,Professional,6,Weekend,38.13382224,Italian,272.2803263,0,Cash,1,3062568366
565,54,Female,Urban,Professional,3,Lunch,46.96143697,Italian,1683.411565,1,Online,4,4021684143
566,29,Female,Urban,Student,17,Dinner,28.87212497,Chinese,2766.132257,0,Card,3,5168011612
567,20,Female,Rural,Professional,17,Dinner,97.8904921,Italian,2803.390623,0,Card,2,7399025828
568,18,Male,Rural,Retired,12,Lunch,68.10423194,Chinese,1847.138714,1,Card,1,3202664069
569,50,Female,Rural,Retired,16,Weekend,94.10894926,Indian,2291.783506,0,Online,4,9971137837
570,57,Female,Rural,Professional,15,Dinner,37.30469893,Mexican,4831.037799,0,Online,3,5266990842
571,27,Female,Urban,Retired,13,Dinner,80.37018217,Italian,1949.007538,1,Cash,1,7001102903
572,60,Male,Rural,Professional,1,Weekend,78.92727795,Mexican,1365.311385,0,Card,2,2305975279
573,61,Female,Urban,Retired,17,Lunch,72.24900867,Chinese,1292.988516,0,Online,5,2705062175
574,46,Male,Rural,Student,3,Weekend,96.90750777,Indian,2343.046602,0,Cash,5,2282900600
575,30,Female,Rural,Student,15,Weekend,45.41998025,Indian,3821.648729,0,Card,3,2808319797
576,29,Female,Rural,Professional,4,Weekend,21.76455912,Indian,1109.342103,1,Online,1,2432612850
577,48,Male,Urban,Professional,4,Dinner,70.45379733,Mexican,3575.551023,0,Online,4,4671350425
578,63,Female,Urban,Professional,18,Lunch,75.63788204,Chinese,203.6341344,1,Cash,1,7157102910
579,19,Male,Suburban,Retired,17,Lunch,61.75545161,Italian,2152.771592,0,Card,5,6661502939
580,68,Male,Rural,Professional,19,Weekend,28.61361038,Italian,3901.738819,1,Card,3,6647429512
581,67,Female,Suburban,Student,11,Dinner,55.40103475,Chinese,1759.791483,1,Online,2,7983783993
582,52,Male,Suburban,Retired,3,Weekend,38.09707629,Mexican,2862.311797,1,Card,1,9093368410
583,40,Female,Urban,Professional,8,Dinner,48.47198754,Italian,1104.398241,0,Cash,5,8226499685
584,34,Female,Urban,Retired,14,Dinner,68.06967183,Chinese,3735.777417,0,Online,4,9526402066
585,43,Male,Suburban,Retired,1,Dinner,77.06932684,Italian,356.167606,0,Online,3,5331346990
586,25,Male,Rural,Professional,14,Dinner,30.90022218,Indian,4277.45896,1,Cash,2,1654836813
587,46,Male,Urban,Retired,2,Lunch,46.47928246,Italian,1071.162293,0,Online,1,6649362089
588,43,Male,Rural,Student,4,Dinner,34.22454139,Mexican,4384.550355,0,Card,4,1958618523
589,27,Female,Rural,Student,19,Dinner,27.87684525,Chinese,1827.393282,0,Card,2,7872577127
590,43,Female,Suburban,Retired,6,Weekend,80.5048498,Mexican,3641.149515,0,Online,5,1418436391
591,51,Male,Suburban,Professional,1,Weekend,91.8327425,Chinese,1664.203959,1,Cash,5,9443751691
592,68,Female,Suburban,Retired,17,Lunch,43.32089671,Indian,4538.967189,1,Cash,4,6194614670
593,58,Female,Suburban,Student,8,Weekend,77.61510319,Chinese,720.521915,0,Card,5,3817987659
594,24,Female,Urban,Retired,19,Dinner,90.72957604,Italian,974.7469674,0,Cash,3,1427818738
595,21,Female,Urban,Retired,1,Weekend,86.15117895,Italian,2515.847613,0,Online,4,2094213274
596,67,Male,Suburban,Student,5,Lunch,26.45320497,Indian,501.4983513,1,Online,5,3099729324
597,62,Male,Urban,Retired,16,Weekend,96.06626934,Chinese,1060.302905,0,Card,1,9671655408
598,28,Female,Suburban,Retired,6,Weekend,43.90087964,Indian,4724.455273,1,Card,5,2149902280
599,46,Male,Rural,Professional,8,Lunch,40.53165951,Italian,4884.79934,1,Card,3,6021999078
600,53,Male,Rural,Professional,13,Lunch,15.61881946,Mexican,1943.670714,0,Cash,2,9326840582
601,42,Male,Rural,Student,16,Dinner,53.75562887,Indian,4624.101503,0,Online,2,1707863859
602,38,Female,Suburban,Student,3,Weekend,19.81122541,Mexican,2769.640911,0,Online,5,6182103183
603,53,Female,Rural,Student,19,Dinner,32.36858388,Mexican,1421.738083,1,Online,2,1664167724
604,27,Female,Urban,Professional,12,Weekend,38.52483596,Chinese,3541.753733,1,Card,5,7491826580
605,54,Male,Rural,Student,16,Weekend,82.79436911,Indian,3328.618852,0,Online,3,2809218365
606,26,Female,Rural,Student,11,Dinner,88.79397854,Mexican,4946.714064,1,Cash,2,7125056926
607,41,Female,Rural,Student,10,Weekend,37.22196857,Mexican,1398.731708,0,Cash,1,6983106040
608,52,Male,Urban,Professional,4,Weekend,87.28283091,Chinese,3393.091563,0,Online,5,7025102391
609,66,Female,Suburban,Retired,12,Weekend,87.15078436,Chinese,354.9163996,1,Card,2,3136196134
610,52,Female,Urban,Student,2,Lunch,78.81858553,Italian,656.8655896,1,Online,3,3487184858
611,65,Male,Suburban,Retired,19,Dinner,23.20256026,Mexican,119.2000373,1,Cash,3,9801560643
612,53,Male,Suburban,Student,5,Lunch,72.12905622,Italian,4997.357337,1,Cash,1,1876178066
613,35,Male,Rural,Retired,8,Dinner,95.05216581,Mexican,4031.141116,0,Cash,3,5253871042
614,66,Female,Suburban,Professional,7,Dinner,71.42864309,Italian,3954.942772,0,Online,3,7028181058
615,56,Female,Urban,Professional,14,Weekend,39.84551642,Chinese,2597.657769,0,Cash,2,8021591952
616,49,Female,Urban,Student,3,Dinner,55.05213857,Indian,1570.328706,1,Card,5,2374763632
617,41,Male,Suburban,Retired,18,Lunch,68.1152539,Chinese,841.1949939,0,Online,4,5698750781
618,40,Male,Rural,Professional,16,Lunch,55.95133679,Italian,1494.90622,1,Online,3,9803548965
619,49,Female,Rural,Student,19,Lunch,20.79576476,Italian,1942.258987,1,Cash,3,5595846936
620,54,Female,Urban,Student,19,Dinner,38.08576402,Indian,3805.919475,1,Cash,4,4098992339
621,29,Male,Rural,Professional,18,Lunch,82.21564275,Mexican,2744.342766,0,Card,3,9804071536
622,66,Male,Suburban,Professional,16,Dinner,87.52762415,Italian,479.6697701,1,Online,2,7469762927
623,30,Male,Suburban,Student,8,Lunch,22.35700294,Italian,188.3421439,1,Cash,2,5764299596
624,40,Male,Urban,Retired,1,Lunch,95.71480772,Italian,601.4276797,1,Card,4,1023577153
625,42,Female,Suburban,Retired,17,Dinner,39.59403561,Indian,2111.443697,1,Cash,3,1154981917
626,52,Male,Urban,Retired,12,Lunch,69.60823649,Chinese,4672.645294,1,Online,3,4579994437
627,58,Female,Suburban,Student,11,Weekend,77.66426314,Italian,3223.272158,1,Cash,5,9122433414
628,47,Female,Urban,Professional,5,Dinner,83.07516112,Indian,4028.946909,1,Online,3,2325154238
629,34,Female,Rural,Student,12,Dinner,95.1174732,Italian,2385.235513,1,Cash,2,6432069626
630,66,Male,Suburban,Professional,17,Dinner,38.16275932,Mexican,1872.163808,1,Online,1,8242973915
631,37,Male,Suburban,Retired,6,Weekend,87.26558091,Indian,631.1618263,1,Card,1,9254945747
632,65,Male,Urban,Retired,1,Dinner,21.85182131,Italian,4392.071809,1,Online,1,4886884902
633,42,Male,Urban,Professional,5,Lunch,73.45368157,Indian,3937.484142,1,Card,1,5269256568
634,39,Female,Suburban,Professional,14,Lunch,76.77799566,Italian,923.7786782,0,Online,3,7967788042
635,30,Male,Urban,Student,5,Lunch,70.99509171,Chinese,2610.076763,0,Card,3,6653652880
636,36,Male,Suburban,Retired,1,Dinner,32.70832625,Italian,2488.136559,1,Cash,5,4678997781
637,66,Female,Rural,Student,18,Lunch,88.57388323,Indian,3162.948608,1,Online,3,9045833107
638,53,Male,Urban,Student,16,Dinner,25.1972617,Mexican,4736.315781,1,Cash,1,4033425595
639,29,Female,Suburban,Student,9,Lunch,14.82713124,Mexican,2940.880065,0,Card,4,4732009589
640,58,Female,Rural,Retired,19,Weekend,74.57184916,Mexican,2747.064607,0,Online,4,9155270358
641,36,Female,Rural,Student,5,Weekend,52.79281437,Italian,346.5823714,0,Online,2,4817877486
642,29,Female,Suburban,Student,2,Weekend,86.4188218,Chinese,408.2466325,1,Cash,2,6558831144
643,26,Female,Urban,Student,15,Weekend,44.5057427,Italian,1017.999278,1,Online,3,2596236889
644,24,Female,Suburban,Student,7,Dinner,25.14507297,Mexican,259.1067813,1,Online,4,8534623687
645,45,Female,Rural,Student,4,Lunch,85.27979732,Indian,3742.429188,1,Cash,1,2678589077
646,31,Female,Suburban,Student,1,Weekend,59.40186685,Mexican,3644.31849,0,Online,1,2492992719
647,48,Male,Urban,Retired,13,Dinner,27.02762132,Indian,766.6755487,1,Cash,1,1901255931
648,69,Male,Rural,Student,7,Weekend,74.83455987,Chinese,4196.786614,0,Cash,3,3526709065
649,36,Male,Suburban,Professional,15,Weekend,56.00022746,Indian,858.4515707,0,Cash,3,5085184094
650,64,Male,Urban,Student,14,Dinner,64.3881684,Italian,1575.760376,1,Cash,5,1201824026
651,33,Female,Rural,Student,19,Dinner,51.48085044,Italian,1319.986806,0,Cash,1,6929136992
652,22,Male,Urban,Retired,18,Lunch,84.58380854,Italian,1924.304783,0,Card,1,6428012849
653,52,Female,Rural,Retired,10,Lunch,84.66064441,Indian,1347.852453,0,Card,3,8458019993
654,29,Male,Suburban,Professional,9,Weekend,73.84499396,Italian,2495.85954,0,Cash,3,5046444544
655,42,Male,Urban,Professional,8,Weekend,19.48612397,Italian,2096.298619,1,Card,5,2313638681
656,69,Male,Rural,Retired,10,Lunch,85.49684757,Italian,4934.190505,1,Card,5,2314733488
657,38,Female,Urban,Retired,17,Lunch,70.39116825,Chinese,374.0391156,0,Online,2,6204088413
658,53,Male,Urban,Student,2,Dinner,72.73217494,Indian,796.6887443,1,Cash,4,7265926788
659,40,Female,Suburban,Retired,6,Lunch,42.66845564,Indian,358.8468802,0,Card,1,6084294742
660,33,Female,Urban,Professional,5,Lunch,89.13516005,Mexican,3166.621855,1,Online,1,1151822805
661,56,Male,Rural,Student,9,Weekend,75.28344402,Indian,367.0954593,1,Online,5,6836090749
662,62,Male,Rural,Professional,5,Lunch,20.13314199,Chinese,4198.554713,1,Cash,5,6021963813
663,59,Male,Rural,Student,18,Weekend,46.7000231,Indian,2608.49929,1,Cash,2,2065210052
664,56,Female,Rural,Retired,9,Lunch,89.77423258,Chinese,2682.33736,1,Online,4,8198837958
665,31,Male,Suburban,Professional,17,Dinner,14.24770315,Chinese,2851.813088,0,Cash,2,6623092332
666,48,Female,Urban,Student,17,Lunch,96.52749577,Indian,936.9871609,1,Cash,4,4771172507
667,22,Female,Suburban,Student,12,Lunch,71.12463115,Mexican,1068.682485,0,Online,1,3654490978
668,52,Male,Urban,Retired,7,Lunch,66.82383799,Italian,1662.204882,0,Online,2,5372365358
669,40,Male,Urban,Retired,3,Weekend,34.35033308,Italian,3008.132438,1,Cash,5,5649890383
670,46,Female,Urban,Retired,10,Dinner,32.39126099,Indian,1129.577102,0,Card,2,9201185639
671,60,Female,Suburban,Professional,2,Lunch,94.78523975,Indian,670.025463,1,Cash,2,9676802494
672,28,Female,Urban,Student,3,Weekend,36.84452088,Chinese,4853.572743,0,Card,1,8872840087
673,35,Male,Suburban,Retired,16,Dinner,79.7954767,Indian,207.7108926,0,Online,5,3384529284
674,64,Female,Rural,Professional,2,Weekend,45.38096184,Chinese,4033.217286,1,Card,5,4007596349
675,29,Male,Rural,Professional,10,Weekend,22.53286637,Mexican,3961.372233,1,Online,3,5528982512
676,26,Female,Urban,Professional,6,Dinner,10.96437679,Indian,1556.349158,1,Cash,3,9069205697
677,27,Female,Suburban,Retired,11,Lunch,58.98316033,Italian,764.5704184,1,Cash,3,7185463588
678,61,Male,Rural,Retired,7,Weekend,97.82009367,Italian,813.5803689,0,Online,1,8628053905
679,34,Female,Suburban,Student,15,Weekend,43.22225744,Indian,3517.414924,1,Online,2,6654652461
680,55,Male,Suburban,Student,6,Lunch,42.14731006,Chinese,3249.752296,0,Online,5,3939517709
681,24,Male,Urban,Retired,9,Lunch,40.96824561,Italian,3935.453804,0,Cash,5,5332490496
682,63,Female,Rural,Professional,12,Dinner,56.84894536,Chinese,4693.657745,0,Cash,2,7137764482
683,30,Male,Urban,Professional,19,Dinner,49.65983951,Indian,3490.44408,0,Card,5,9687711070
684,57,Male,Urban,Professional,3,Dinner,89.19231641,Indian,863.6725291,0,Online,2,7825553804
685,59,Female,Rural,Student,15,Lunch,55.49687126,Italian,1292.868822,0,Card,1,1478099134
686,26,Male,Rural,Professional,2,Weekend,55.69820544,Indian,4226.749281,1,Cash,1,1817516682
687,67,Male,Suburban,Student,2,Weekend,22.45344352,Mexican,1125.599772,0,Card,1,6953941449
688,44,Male,Rural,Student,3,Dinner,98.44655868,Mexican,455.3593531,0,Card,2,1287755631
689,19,Female,Suburban,Professional,6,Lunch,32.49756018,Italian,3546.072265,0,Cash,2,5645113853
690,22,Male,Suburban,Professional,15,Weekend,16.60276607,Mexican,2072.379142,1,Cash,4,7279701417
691,46,Female,Suburban,Retired,10,Dinner,69.68316241,Chinese,4608.196257,1,Online,5,8805375979
692,54,Female,Rural,Retired,9,Weekend,63.58297331,Italian,3286.249848,0,Card,5,6587909286
693,55,Male,Urban,Professional,1,Weekend,47.36310886,Italian,543.0529912,1,Cash,4,1903264116
694,36,Male,Suburban,Student,16,Lunch,47.99730105,Chinese,4744.49718,0,Cash,4,8291855243
695,25,Male,Urban,Student,6,Lunch,80.65575289,Mexican,1366.930592,1,Card,1,6554059867
696,65,Female,Urban,Student,9,Weekend,27.61413761,Mexican,1752.341203,0,Cash,4,1013553188
697,62,Male,Rural,Student,4,Dinner,83.82279871,Mexican,2071.076027,1,Online,2,9241642006
698,18,Male,Urban,Student,2,Lunch,68.38724025,Italian,350.9990524,1,Online,3,1574510940
699,39,Male,Urban,Retired,4,Weekend,47.70727964,Italian,2532.925569,1,Card,2,1342780655
700,69,Male,Rural,Professional,1,Lunch,51.22257549,Mexican,704.2606063,0,Online,4,3887144328
701,34,Male,Suburban,Retired,19,Lunch,33.09824865,Indian,2064.754601,0,Cash,5,6895466430
702,24,Female,Urban,Student,10,Lunch,77.69028994,Mexican,1818.477961,0,Cash,2,8765340015
703,42,Female,Rural,Student,15,Weekend,56.15872681,Chinese,3886.916409,1,Cash,5,6786291462
704,62,Male,Urban,Student,19,Dinner,38.87690885,Italian,4035.535507,1,Cash,2,4746958875
705,21,Male,Urban,Student,16,Dinner,63.64451042,Chinese,851.7231237,0,Card,5,7835825275
706,53,Male,Suburban,Professional,4,Dinner,99.61610068,Chinese,1896.100818,1,Online,2,2905713686
707,23,Male,Urban,Student,2,Lunch,49.17360517,Italian,1929.430489,0,Online,5,4748252441
708,48,Female,Rural,Professional,13,Weekend,92.86222607,Indian,841.9111753,0,Cash,3,7176680935
709,36,Male,Urban,Student,1,Lunch,41.05151559,Mexican,4012.422175,0,Card,1,6304509312
710,61,Female,Suburban,Professional,17,Dinner,14.92594362,Chinese,3565.418809,0,Cash,2,5746954481
711,56,Female,Suburban,Retired,13,Dinner,28.38178957,Italian,1032.870753,1,Cash,3,8974206209
712,44,Male,Rural,Student,4,Weekend,47.6825629,Chinese,1896.937352,1,Card,1,6169189792
713,27,Female,Suburban,Professional,7,Lunch,29.76714357,Mexican,618.4446218,1,Card,2,5258259603
714,43,Female,Urban,Retired,17,Dinner,10.02043344,Indian,3178.212326,0,Cash,3,1938639172
715,36,Female,Suburban,Student,9,Weekend,92.3501384,Indian,694.7224303,1,Online,3,5334792212
716,56,Female,Rural,Student,4,Lunch,85.94914701,Indian,4931.077426,0,Cash,3,4134211854
717,20,Male,Suburban,Student,19,Lunch,76.80630083,Italian,3925.342166,0,Online,4,3119414727
718,62,Male,Suburban,Professional,1,Dinner,25.10331361,Italian,2012.168893,0,Online,5,2585626269
719,30,Female,Suburban,Professional,10,Dinner,20.83272186,Indian,2934.963268,0,Card,1,7022852139
720,67,Male,Rural,Retired,4,Lunch,16.08442745,Mexican,4565.574899,0,Card,5,5738346585
721,45,Male,Suburban,Professional,9,Lunch,75.16262699,Mexican,2815.086474,0,Cash,5,5731352935
722,37,Male,Suburban,Professional,13,Dinner,93.59271646,Italian,955.0425833,1,Online,5,2923166458
723,45,Male,Urban,Student,14,Lunch,48.74822388,Indian,1955.646442,1,Online,3,3704023744
724,25,Male,Rural,Student,10,Dinner,20.72266048,Mexican,4231.409839,1,Cash,5,6223375646
725,58,Female,Suburban,Student,6,Lunch,56.11535387,Mexican,3256.643778,1,Cash,4,7836342479
726,56,Male,Rural,Student,16,Dinner,41.39487167,Mexican,3288.549483,0,Cash,2,6016584533
727,18,Male,Suburban,Student,6,Weekend,43.73424319,Italian,4347.42528,0,Card,3,4617243246
728,20,Male,Suburban,Student,17,Dinner,65.91975617,Indian,4480.467982,1,Cash,1,3081312329
729,30,Male,Suburban,Student,10,Dinner,74.68463019,Chinese,4606.983602,1,Cash,2,8384540564
730,45,Female,Urban,Retired,18,Weekend,19.9543239,Indian,564.7610469,1,Online,2,5634165317
731,66,Female,Urban,Retired,18,Lunch,13.20312077,Indian,2766.21741,1,Cash,2,9345847828
732,42,Female,Urban,Retired,3,Weekend,99.48972724,Italian,3728.496654,1,Online,5,6295154967
733,50,Female,Rural,Retired,15,Dinner,30.9455514,Mexican,3808.941541,1,Online,5,1262364981
734,55,Male,Rural,Student,15,Lunch,14.84474724,Mexican,3072.90939,1,Card,3,1671658197
735,23,Female,Urban,Retired,4,Weekend,27.08877962,Italian,917.2579424,1,Cash,5,5079338983
736,61,Male,Rural,Student,9,Lunch,13.50620617,Italian,4007.360714,0,Cash,5,2083726465
737,62,Male,Suburban,Retired,19,Lunch,45.26298052,Italian,3628.545534,0,Online,5,7799609029
738,49,Male,Suburban,Professional,17,Weekend,82.2161606,Italian,522.0652806,0,Card,3,4672293073
739,62,Male,Suburban,Retired,11,Lunch,40.71200048,Italian,2372.668141,0,Card,3,9484568485
740,64,Male,Urban,Retired,9,Weekend,49.97650662,Chinese,952.4892577,1,Cash,4,3365090582
741,38,Female,Rural,Student,10,Dinner,70.80280962,Indian,1753.637524,0,Online,4,4653960669
742,33,Female,Urban,Retired,18,Lunch,55.80046631,Indian,188.5973518,1,Cash,4,4779182420
743,38,Female,Rural,Professional,13,Dinner,87.53011174,Indian,2061.616355,0,Cash,4,9292504137
744,28,Female,Suburban,Student,8,Dinner,87.94321075,Mexican,2794.396914,1,Cash,2,4751277132
745,54,Male,Urban,Student,7,Lunch,10.89196259,Chinese,3135.954705,1,Cash,2,1753005187
746,53,Female,Rural,Retired,17,Weekend,80.02416758,Indian,3351.102691,0,Online,4,9066500533
747,52,Male,Rural,Student,15,Lunch,51.46602402,Mexican,4197.827434,0,Card,4,3899335334
748,36,Female,Suburban,Student,15,Dinner,98.99564872,Chinese,1155.768246,1,Cash,1,1603141572
749,37,Male,Urban,Student,1,Dinner,53.49088683,Chinese,690.3609299,1,Cash,2,9466708593
750,35,Male,Urban,Student,14,Weekend,98.82063508,Mexican,4272.532142,1,Cash,1,6628109171
751,64,Female,Urban,Student,5,Lunch,77.91124251,Chinese,867.402793,0,Cash,1,7331989862
752,58,Male,Suburban,Student,11,Dinner,32.37443962,Mexican,4876.324399,0,Card,5,1073123120
753,66,Male,Urban,Professional,16,Dinner,58.45554814,Indian,4228.437324,1,Card,3,1441760151
754,31,Female,Suburban,Retired,2,Dinner,99.29220755,Mexican,2554.295369,0,Card,2,8565569883
755,32,Male,Suburban,Professional,8,Weekend,87.1777547,Chinese,4908.964982,1,Card,4,4744748688
756,48,Female,Suburban,Student,11,Dinner,18.76302044,Indian,577.1459726,0,Cash,4,4562712189
757,18,Female,Rural,Student,18,Dinner,73.57347971,Indian,1585.02223,0,Online,3,1616368229
758,20,Female,Urban,Retired,3,Lunch,41.10216273,Italian,3227.299634,0,Card,2,8936156219
759,33,Male,Urban,Professional,1,Lunch,10.62840357,Italian,1815.033656,0,Card,4,3767064733
760,40,Male,Suburban,Retired,11,Dinner,46.31328721,Chinese,4649.025505,0,Cash,4,5302497060
761,28,Male,Suburban,Professional,16,Dinner,31.12789796,Mexican,421.5678321,1,Cash,5,9981605599
762,29,Female,Urban,Student,18,Lunch,83.69823435,Mexican,2792.117977,1,Cash,1,2627896525
763,27,Male,Suburban,Retired,16,Weekend,40.3597548,Chinese,2995.24471,0,Cash,4,7875770773
764,49,Female,Urban,Retired,10,Weekend,84.47713246,Indian,3298.367807,1,Online,2,4364041658
765,33,Female,Rural,Student,18,Weekend,10.0538145,Chinese,1352.764494,1,Online,3,4239550162
766,25,Male,Suburban,Retired,6,Weekend,37.7037235,Chinese,1886.375495,0,Card,5,1631179300
767,55,Female,Urban,Professional,19,Weekend,31.70486929,Indian,4234.034595,1,Online,2,4212098702
768,29,Male,Suburban,Professional,4,Weekend,31.0210625,Mexican,1055.219568,0,Card,5,1654200842
769,41,Male,Urban,Professional,13,Weekend,16.13679578,Chinese,4151.652451,1,Card,1,6565400726
770,45,Male,Urban,Professional,14,Weekend,26.84118434,Mexican,2857.011572,1,Online,4,5571121284
771,25,Male,Suburban,Student,3,Lunch,59.99946129,Chinese,3834.718805,1,Card,2,3582243045
772,45,Male,Rural,Retired,10,Weekend,36.22249656,Indian,3596.676095,1,Cash,3,8167190505
773,53,Female,Urban,Professional,6,Weekend,47.56553041,Indian,1116.806327,1,Card,1,2778522647
774,43,Female,Urban,Student,1,Weekend,43.91801923,Italian,2887.182409,1,Cash,1,1166798089
775,25,Female,Urban,Retired,14,Dinner,88.83144325,Indian,4351.843449,1,Online,5,7831161686
776,67,Male,Rural,Retired,8,Lunch,91.47690991,Italian,2217.36956,0,Online,1,8739930497
777,45,Male,Rural,Student,19,Lunch,54.36612745,Chinese,4836.294774,0,Card,2,2485921207
778,45,Male,Suburban,Student,14,Lunch,39.71403553,Mexican,2315.85399,0,Cash,5,1347672604
779,54,Female,Rural,Professional,10,Weekend,19.61206336,Indian,799.6496197,0,Card,1,1524030948
780,58,Male,Suburban,Retired,17,Weekend,95.80625914,Indian,2008.229932,1,Online,3,8908470471
781,53,Female,Suburban,Retired,9,Dinner,15.42042504,Indian,4763.341791,1,Card,2,1759681135
782,44,Female,Rural,Student,6,Lunch,36.78852498,Chinese,1666.632162,1,Card,3,6211810713
783,34,Male,Suburban,Retired,11,Weekend,36.82595811,Italian,4353.680983,0,Cash,3,2742108731
784,26,Male,Rural,Professional,7,Lunch,38.83611575,Chinese,4418.12834,0,Online,5,3945512761
785,50,Female,Suburban,Retired,17,Dinner,24.78581589,Mexican,1815.913969,0,Card,4,5504663681
786,37,Male,Rural,Student,1,Dinner,80.48452878,Chinese,507.9625244,1,Cash,5,6178076884
787,30,Female,Rural,Student,5,Dinner,21.02480758,Mexican,3650.333755,0,Card,2,1725713289
788,45,Male,Suburban,Professional,9,Lunch,67.14159932,Indian,1626.410265,1,Cash,2,1354571194
789,65,Male,Urban,Professional,18,Weekend,21.1461424,Mexican,3936.32571,0,Cash,5,9981818408
790,46,Female,Suburban,Retired,2,Weekend,16.34820738,Mexican,2269.008756,1,Card,4,8274250133
791,30,Male,Rural,Retired,11,Dinner,91.84865533,Italian,2477.807037,0,Online,5,5967818217
792,63,Female,Urban,Student,6,Weekend,27.11158897,Mexican,3911.756093,1,Online,2,1433341978
793,52,Male,Suburban,Professional,8,Dinner,83.91251391,Mexican,1973.580322,0,Cash,4,9279908245
794,23,Female,Suburban,Professional,4,Lunch,59.0167784,Chinese,2271.323992,0,Online,2,7046297484
795,35,Female,Suburban,Professional,18,Dinner,17.00708676,Indian,1943.333297,1,Cash,4,6068914871
796,68,Male,Urban,Retired,11,Lunch,95.99033723,Chinese,1899.968525,1,Online,4,2297527595
797,22,Female,Rural,Professional,5,Dinner,32.22650503,Chinese,2677.138227,0,Card,5,5136332762
798,64,Male,Suburban,Student,15,Weekend,87.36808108,Indian,4063.117278,1,Online,5,1704413553
799,42,Male,Suburban,Student,18,Weekend,25.19290052,Indian,1872.664728,0,Cash,5,7063144022
800,19,Male,Suburban,Retired,2,Dinner,86.85485939,Mexican,2668.848131,1,Cash,4,4963310480
801,27,Female,Suburban,Retired,11,Weekend,11.19059316,Mexican,3386.563895,0,Online,4,7433256376
802,47,Female,Suburban,Professional,13,Weekend,56.06024109,Italian,1420.253287,1,Card,2,3755776827
803,67,Male,Rural,Retired,4,Weekend,79.24983215,Chinese,1459.861744,0,Cash,3,1127067202
804,62,Male,Rural,Student,7,Lunch,94.13159657,Indian,4673.724322,0,Cash,5,3236014477
805,22,Female,Suburban,Professional,11,Weekend,91.82819226,Mexican,3645.319409,0,Cash,2,2742240962
806,50,Male,Urban,Student,4,Lunch,83.76623826,Indian,2928.214713,1,Cash,2,4846810071
807,18,Male,Rural,Professional,15,Dinner,89.93722147,Mexican,3273.828267,0,Cash,1,3401107042
808,35,Female,Urban,Retired,1,Weekend,27.92977173,Italian,243.5672712,1,Card,5,1137675789
809,49,Male,Rural,Professional,3,Weekend,35.57658661,Italian,3128.704531,1,Online,2,8246312514
810,64,Female,Suburban,Professional,14,Weekend,36.00716724,Indian,2596.593479,1,Card,1,7903031143
811,66,Male,Rural,Student,6,Dinner,43.93485379,Italian,2774.173431,0,Card,5,5516648035
812,28,Female,Suburban,Student,18,Lunch,45.39886033,Indian,1861.176751,1,Cash,4,9184171050
813,38,Male,Rural,Professional,1,Lunch,59.00997922,Mexican,499.2220988,1,Card,1,8682893223
814,43,Male,Suburban,Retired,6,Weekend,24.3891787,Chinese,1047.362245,1,Cash,4,5943004358
815,42,Female,Suburban,Retired,6,Dinner,72.21219974,Italian,4758.649095,0,Card,3,4724400755
816,39,Male,Suburban,Student,16,Dinner,25.08098854,Mexican,2102.627855,1,Cash,3,4757279066
817,44,Female,Suburban,Retired,5,Dinner,37.92776339,Chinese,2386.747464,1,Cash,3,2414152981
818,66,Male,Urban,Student,17,Dinner,55.30106175,Chinese,358.2779703,1,Card,3,5631981835
819,30,Female,Suburban,Retired,10,Dinner,81.67965054,Chinese,284.0745248,1,Card,2,3374737609
820,50,Female,Urban,Professional,18,Lunch,76.55223099,Mexican,3614.189091,0,Online,3,7631954940
821,51,Female,Urban,Student,7,Lunch,68.09809208,Mexican,2736.663854,0,Online,2,6292247880
822,58,Female,Suburban,Student,3,Lunch,24.01959345,Indian,2592.659323,1,Online,2,8412053580
823,52,Male,Urban,Professional,13,Weekend,59.23408111,Chinese,1291.310199,1,Card,5,2778754757
824,18,Male,Rural,Student,15,Dinner,17.87018516,Chinese,3749.278585,1,Card,2,9528458147
825,38,Female,Suburban,Retired,19,Weekend,43.96268591,Chinese,924.3592376,1,Cash,2,8921178475
826,65,Female,Urban,Retired,3,Dinner,47.21648773,Indian,1030.680244,0,Online,3,6256974300
827,23,Female,Suburban,Student,4,Lunch,13.58302955,Chinese,2357.48964,0,Cash,2,4298403503
828,45,Male,Suburban,Retired,5,Weekend,34.65892895,Mexican,1502.771324,0,Cash,4,8727686317
829,34,Male,Suburban,Student,1,Lunch,96.00845205,Chinese,1312.568608,0,Cash,3,8086730681
830,22,Male,Urban,Professional,4,Dinner,95.8269347,Italian,3261.664458,1,Cash,1,8634090007
831,48,Male,Rural,Student,12,Dinner,41.70943488,Mexican,3289.761552,1,Online,3,9245556313
832,22,Female,Rural,Professional,10,Dinner,13.87900981,Indian,4140.133642,0,Cash,2,8739461455
833,55,Female,Urban,Retired,13,Lunch,26.11854454,Chinese,2146.771978,0,Card,4,1593308963
834,20,Female,Suburban,Professional,14,Dinner,45.29960141,Italian,458.116946,1,Card,3,8799882178
835,40,Male,Urban,Retired,5,Lunch,95.30017282,Indian,1440.965286,1,Card,4,6744883755
836,54,Male,Urban,Student,4,Weekend,22.70791572,Indian,4902.02677,1,Online,1,5478233469
837,54,Male,Urban,Retired,14,Dinner,78.71642593,Mexican,3021.667019,1,Cash,1,8401692101
838,27,Female,Suburban,Student,10,Dinner,19.78142854,Indian,3577.711716,1,Online,5,3741099919
839,27,Female,Urban,Student,17,Dinner,98.31318197,Indian,136.0533652,0,Cash,5,3144731784
840,36,Male,Suburban,Professional,10,Weekend,44.34548492,Indian,2639.208088,0,Online,3,3544544450
841,34,Female,Urban,Professional,7,Dinner,79.7711085,Indian,283.8904219,1,Online,5,2257581831
842,38,Male,Rural,Professional,16,Lunch,40.83319745,Chinese,2889.228039,1,Cash,4,6498417155
843,31,Male,Urban,Professional,1,Lunch,66.49019894,Chinese,4611.777163,0,Online,5,3032397931
844,26,Female,Urban,Retired,17,Dinner,27.28144763,Chinese,4845.253739,1,Cash,4,8342851608
845,63,Male,Rural,Retired,9,Dinner,23.14189174,Chinese,2748.708109,0,Card,5,3442987881
846,18,Female,Suburban,Retired,6,Weekend,94.42577256,Italian,2345.203546,0,Card,5,9318737726
847,68,Male,Suburban,Student,19,Weekend,92.58825501,Chinese,4730.583762,0,Card,5,8166719912
848,62,Female,Urban,Retired,13,Weekend,89.87220462,Indian,3400.688177,0,Online,2,2987754635
849,30,Female,Rural,Retired,3,Dinner,66.28901051,Chinese,418.0064697,1,Card,2,2645350851
850,21,Female,Suburban,Retired,7,Weekend,82.74413901,Chinese,2382.055331,1,Cash,5,7415250050
851,18,Male,Urban,Professional,9,Weekend,16.21332432,Mexican,1277.20059,0,Card,4,2954843941
852,66,Male,Rural,Retired,5,Lunch,40.13101377,Indian,2402.041175,1,Card,3,3037066130
853,57,Female,Suburban,Student,10,Weekend,38.23328123,Chinese,2331.781303,1,Online,1,5577574909
854,49,Female,Suburban,Professional,17,Lunch,67.20807898,Chinese,2952.509534,1,Cash,2,3569981775
855,51,Male,Rural,Student,12,Lunch,42.03619961,Chinese,1848.175403,1,Online,5,1086589752
856,45,Male,Rural,Retired,16,Weekend,23.36561035,Italian,904.9252023,0,Online,1,3009297530
857,48,Male,Rural,Professional,3,Lunch,63.68203679,Chinese,2568.225229,1,Cash,2,9864501174
858,25,Female,Rural,Student,9,Dinner,83.29455286,Mexican,4167.994133,0,Online,3,6528883150
859,56,Male,Urban,Retired,15,Dinner,44.3911145,Indian,3353.659918,0,Cash,4,9331790023
860,43,Male,Rural,Student,5,Weekend,21.90418436,Indian,1758.002543,1,Card,5,7948465439
861,51,Female,Suburban,Student,13,Dinner,27.70193776,Chinese,4684.062812,0,Cash,3,2337549172
862,20,Male,Suburban,Student,14,Lunch,31.37349747,Chinese,4569.817099,1,Cash,2,4542182279
863,67,Male,Urban,Retired,15,Dinner,36.99078337,Chinese,1125.807157,1,Cash,5,5978850273
864,29,Male,Suburban,Retired,16,Weekend,67.85155635,Indian,293.1461671,0,Online,1,9247931060
865,18,Female,Suburban,Student,13,Weekend,64.08509361,Indian,3732.412671,1,Cash,4,7314724434
866,61,Female,Rural,Professional,17,Lunch,72.64718754,Italian,4155.290281,0,Cash,2,4261026014
867,22,Female,Suburban,Professional,8,Weekend,42.62517861,Mexican,4842.536373,0,Cash,4,3093885364
868,47,Female,Urban,Retired,2,Dinner,84.15978867,Italian,4460.198331,1,Card,5,6075684643
869,47,Female,Rural,Retired,5,Weekend,28.3678895,Mexican,3042.620364,1,Cash,3,3082409849
870,34,Female,Rural,Retired,6,Lunch,52.21366728,Italian,2697.256462,1,Online,4,2087289272
871,65,Female,Urban,Retired,12,Weekend,82.08448494,Indian,236.4211512,0,Cash,1,4478704625
872,64,Male,Rural,Retired,18,Dinner,26.2142783,Italian,1308.61659,1,Cash,2,2041947226
873,40,Male,Rural,Professional,1,Lunch,19.88768024,Mexican,2352.112283,0,Card,1,8995859648
874,32,Female,Urban,Retired,17,Dinner,89.53155709,Chinese,3179.66911,0,Cash,4,3723976760
875,54,Male,Rural,Student,11,Lunch,40.86366965,Mexican,2830.533983,1,Online,3,7486498195
876,38,Male,Urban,Student,10,Weekend,71.54831124,Chinese,3738.916349,1,Cash,3,4005689491
877,31,Female,Urban,Professional,19,Lunch,12.28137438,Indian,1470.857961,1,Online,1,2658575867
878,19,Male,Suburban,Student,14,Lunch,72.10421996,Mexican,2868.267777,0,Card,5,1002901563
879,28,Male,Suburban,Professional,10,Weekend,38.44911804,Italian,531.8969926,1,Cash,5,8603891838
880,68,Male,Rural,Professional,15,Dinner,15.01667682,Mexican,2126.961066,0,Card,3,5823850467
881,56,Male,Rural,Student,19,Weekend,64.88314854,Chinese,3775.788081,1,Cash,1,4204393757
882,55,Male,Urban,Retired,4,Lunch,31.67234345,Indian,3497.664182,1,Online,1,2519315523
883,51,Female,Rural,Student,2,Weekend,44.81265178,Italian,4954.149412,0,Card,1,7251130509
884,55,Female,Urban,Student,9,Lunch,17.25227311,Mexican,1461.666517,0,Cash,4,3166537987
885,67,Female,Urban,Professional,10,Weekend,23.2446926,Chinese,2541.127566,1,Online,5,8923624713
886,51,Male,Rural,Student,11,Weekend,36.81795119,Italian,1714.699027,1,Card,5,7461908521
887,35,Female,Urban,Professional,14,Dinner,18.07835505,Indian,2258.955259,1,Cash,4,2409620739
888,47,Male,Suburban,Retired,7,Lunch,91.97436382,Italian,4299.055636,1,Card,2,5978472184
889,32,Male,Rural,Retired,15,Dinner,10.54423389,Indian,3452.624468,1,Cash,4,6031638093
890,44,Male,Suburban,Retired,19,Lunch,53.5474197,Italian,4423.961838,0,Online,1,8218960135
891,68,Male,Rural,Student,15,Weekend,21.09227123,Mexican,1097.204431,0,Online,4,8352835647
892,51,Female,Urban,Professional,8,Lunch,37.69111805,Chinese,4379.469477,0,Card,1,2057369494
893,69,Female,Rural,Retired,11,Dinner,93.34536038,Mexican,392.8351435,0,Card,3,1708356505
894,55,Male,Suburban,Professional,9,Dinner,24.55250979,Mexican,4454.136474,1,Cash,1,8716368681
895,50,Female,Urban,Professional,15,Dinner,96.92490877,Indian,1712.461519,0,Online,5,3271894030
896,41,Male,Rural,Retired,1,Lunch,28.52149393,Indian,1641.479404,0,Cash,4,7076467977
897,32,Female,Rural,Retired,1,Dinner,76.74094976,Indian,2609.234026,0,Online,1,9938729554
898,47,Female,Rural,Professional,19,Dinner,59.20095384,Mexican,4709.38192,1,Card,2,7683794937
899,59,Male,Suburban,Retired,3,Dinner,89.60308548,Italian,334.1286869,0,Cash,3,2717892559
900,68,Female,Suburban,Professional,10,Weekend,59.859393,Italian,1825.931778,1,Cash,2,8512743745
901,34,Male,Rural,Professional,8,Weekend,58.11032972,Mexican,4297.202745,0,Online,2,1554785830
902,22,Female,Urban,Retired,15,Lunch,27.59122003,Mexican,2040.666939,1,Online,2,3839888836
903,46,Male,Urban,Student,10,Lunch,24.96064258,Chinese,1075.868798,0,Online,3,7178151476
904,21,Male,Suburban,Retired,1,Dinner,92.4840236,Indian,2181.491489,1,Card,3,7111778639
905,27,Female,Urban,Student,18,Weekend,39.5054379,Indian,1989.207257,0,Cash,3,6025972863
906,34,Female,Suburban,Professional,2,Dinner,43.48740295,Mexican,4585.539387,1,Online,3,1312532239
907,27,Male,Rural,Professional,19,Dinner,78.38412926,Mexican,3833.478441,1,Card,2,1509993870
908,34,Female,Suburban,Student,13,Weekend,40.49411342,Italian,2575.066223,0,Online,5,7975599731
909,37,Female,Suburban,Professional,1,Weekend,95.6856202,Mexican,4943.015777,1,Cash,5,7174935806
910,41,Male,Rural,Student,2,Weekend,76.41349921,Italian,2379.859903,1,Online,3,1754918139
911,22,Male,Urban,Student,16,Lunch,63.76863183,Mexican,385.365371,0,Cash,4,9322354832
912,51,Female,Suburban,Professional,15,Lunch,89.28056445,Chinese,1385.144177,0,Card,1,9723020991
913,23,Male,Suburban,Student,13,Dinner,14.46453175,Chinese,2236.745353,1,Card,4,7946375730
914,19,Male,Rural,Retired,16,Lunch,33.1356423,Italian,868.8228583,0,Online,4,7963093787
915,30,Male,Urban,Retired,17,Weekend,51.85327008,Indian,4743.069119,0,Cash,4,1708027656
916,60,Female,Suburban,Professional,7,Weekend,30.42806855,Chinese,3857.559599,0,Cash,5,9531944793
917,60,Female,Rural,Professional,17,Lunch,76.95146686,Italian,1414.607282,1,Cash,1,8567558347
918,65,Male,Suburban,Student,7,Dinner,92.72872279,Mexican,2994.942214,1,Online,4,1702580622
919,28,Female,Rural,Student,13,Dinner,48.13931079,Mexican,3635.10087,1,Cash,3,5212727373
920,68,Male,Urban,Student,5,Lunch,40.79193401,Italian,4712.266752,1,Cash,5,2299356295
921,64,Female,Urban,Student,17,Dinner,96.53956589,Indian,4420.013211,1,Cash,3,7381183148
922,40,Male,Urban,Retired,3,Dinner,50.03671895,Italian,2624.441908,1,Cash,3,7309091620
923,33,Male,Urban,Retired,7,Dinner,54.01435604,Italian,3895.797837,1,Online,4,9689883104
924,48,Female,Suburban,Professional,17,Weekend,41.64848851,Chinese,2854.509294,0,Online,3,8736708019
925,28,Male,Suburban,Student,7,Weekend,91.85936257,Italian,2808.249061,1,Cash,1,5737723965
926,33,Female,Urban,Student,1,Lunch,61.2059935,Italian,662.2355959,1,Cash,3,2025807144
927,25,Female,Urban,Professional,17,Weekend,78.59571285,Mexican,718.0745243,0,Card,4,1369771213
928,21,Male,Urban,Student,17,Dinner,83.06260465,Chinese,2694.714714,0,Card,3,6483755916
929,57,Male,Suburban,Student,11,Weekend,40.76641377,Mexican,1417.42157,0,Cash,5,4964881819
930,21,Female,Urban,Student,3,Lunch,49.03248982,Mexican,203.0808221,1,Cash,5,6296371704
931,42,Male,Urban,Student,15,Weekend,86.3624597,Indian,3641.912099,0,Card,5,1828107493
932,20,Male,Urban,Student,11,Dinner,42.69298165,Indian,259.1843238,1,Card,2,3877197953
933,49,Male,Rural,Professional,16,Dinner,81.45416201,Chinese,3016.856521,1,Cash,5,5601901334
934,20,Male,Urban,Student,9,Lunch,94.68930903,Chinese,2742.049591,1,Online,5,3802743579
935,44,Male,Rural,Professional,1,Weekend,66.08893358,Indian,4847.191984,0,Online,2,5589222496
936,46,Female,Rural,Student,16,Weekend,76.74645587,Indian,2472.644383,0,Cash,5,4431512193
937,49,Female,Urban,Retired,9,Weekend,82.45875808,Indian,411.6470383,1,Cash,4,2575301264
938,67,Male,Rural,Retired,19,Dinner,86.0535684,Indian,2803.271042,1,Card,5,2031728165
939,68,Male,Urban,Retired,12,Lunch,45.55480041,Indian,4221.371236,1,Card,5,7381933671
940,36,Male,Suburban,Retired,19,Weekend,14.61371133,Mexican,4984.561493,0,Online,2,7907513231
941,38,Female,Suburban,Professional,9,Dinner,46.16886441,Chinese,2208.681551,1,Cash,4,2403824665
942,22,Male,Suburban,Professional,7,Dinner,70.63806068,Mexican,1669.463838,0,Card,3,1304006374
943,35,Female,Suburban,Student,14,Dinner,50.53153472,Mexican,4542.601155,1,Online,1,1628396911
944,45,Female,Rural,Retired,19,Weekend,77.40668358,Italian,1037.086432,0,Online,4,1863687279
945,59,Female,Urban,Professional,19,Weekend,42.12841865,Mexican,3115.601684,1,Online,3,1605862347
946,39,Male,Urban,Student,2,Weekend,67.1269727,Indian,2088.000678,0,Card,4,4335149658
947,38,Female,Urban,Student,9,Weekend,26.77778244,Indian,301.3035883,0,Card,3,3835689587
948,23,Male,Suburban,Professional,13,Weekend,77.4432493,Italian,1801.713524,0,Cash,3,8831742476
949,18,Female,Suburban,Retired,15,Weekend,59.11263719,Italian,1399.61976,0,Cash,4,8321561032
950,22,Male,Urban,Student,3,Weekend,28.36579497,Italian,3461.846654,0,Online,2,8933333180
951,58,Female,Suburban,Retired,11,Weekend,36.27200561,Italian,4749.073439,0,Online,4,2632055752
952,29,Male,Urban,Retired,14,Weekend,77.37478377,Italian,1413.431218,1,Card,4,2744922381
953,43,Female,Urban,Retired,8,Dinner,53.43411121,Mexican,4076.183102,1,Card,3,4065707915
954,63,Male,Urban,Student,18,Weekend,29.44282964,Italian,371.263103,1,Cash,1,3442093753
955,51,Male,Urban,Retired,19,Lunch,97.05440713,Mexican,2736.792949,1,Cash,3,2844671013
956,66,Male,Urban,Student,16,Dinner,74.36125178,Chinese,445.6953122,0,Cash,5,8611496184
957,31,Male,Urban,Retired,2,Weekend,96.14213493,Italian,4676.761657,1,Card,4,4097935923
958,43,Female,Urban,Student,8,Lunch,48.43945408,Italian,3855.121275,0,Online,4,7558287613
959,62,Female,Suburban,Retired,6,Weekend,52.75903066,Mexican,3323.954565,0,Cash,2,6951095287
960,44,Male,Urban,Professional,12,Lunch,90.81596946,Chinese,4137.09227,0,Cash,3,8909330512
961,26,Female,Urban,Retired,15,Lunch,57.25444062,Mexican,3272.846998,1,Card,2,5632396167
962,43,Male,Suburban,Retired,8,Lunch,73.65510207,Mexican,4847.827546,0,Cash,4,7697015673
963,64,Male,Suburban,Student,4,Lunch,32.69555897,Italian,3598.393945,1,Online,3,1777122005
964,39,Female,Suburban,Student,15,Dinner,50.20538218,Indian,4630.827187,1,Card,3,2075683024
965,64,Male,Urban,Retired,17,Dinner,21.11048792,Indian,2633.946271,1,Cash,5,8637150158
966,47,Male,Rural,Professional,13,Lunch,28.53820323,Mexican,673.6156236,1,Cash,5,4693100895
967,60,Female,Rural,Professional,18,Weekend,10.08490737,Italian,2688.070835,1,Card,1,3045062320
968,65,Male,Suburban,Student,2,Lunch,13.53385465,Chinese,721.6768575,0,Card,5,7794476732
969,34,Male,Rural,Professional,13,Dinner,97.95554409,Indian,3003.218048,0,Cash,3,5403837689
970,43,Male,Suburban,Retired,13,Weekend,31.81183256,Chinese,2464.215997,1,Online,5,9589618210
971,53,Male,Urban,Student,15,Dinner,69.69796386,Indian,3150.619449,0,Card,1,6276887136
972,18,Female,Rural,Retired,10,Dinner,85.51897289,Italian,149.2302072,1,Online,4,2605768614
973,25,Female,Urban,Student,3,Weekend,59.55944133,Mexican,1054.718409,0,Cash,5,2278610073
974,66,Female,Rural,Student,19,Lunch,23.78300501,Chinese,2507.519116,0,Online,3,1296782060
975,52,Male,Urban,Student,3,Lunch,75.53047936,Chinese,4757.467452,0,Cash,4,1796669453
976,69,Male,Rural,Student,14,Lunch,64.02262691,Mexican,1979.684298,0,Cash,3,4367930207
977,32,Female,Urban,Professional,8,Lunch,75.81255304,Chinese,2179.422928,0,Cash,4,3796076083
978,64,Male,Urban,Retired,4,Weekend,79.27719606,Indian,3602.010836,0,Cash,3,3682245175
979,39,Male,Rural,Retired,11,Weekend,97.78693309,Mexican,3058.584511,0,Online,5,4347988087
980,31,Male,Urban,Retired,11,Weekend,61.6206952,Indian,1564.738135,0,Cash,5,1529526915
981,43,Male,Urban,Student,11,Dinner,40.74770014,Indian,2113.000338,0,Cash,1,7937588209
982,45,Female,Urban,Professional,2,Weekend,68.36181012,Italian,1166.729014,0,Online,4,4854048558
983,40,Female,Rural,Retired,17,Lunch,16.15966383,Indian,4833.50515,0,Card,1,1934601817
984,31,Female,Rural,Professional,9,Dinner,90.76575865,Italian,740.1084696,0,Online,2,2782768494
985,41,Male,Urban,Student,2,Lunch,20.74429102,Chinese,1922.000244,0,Online,5,8936616467
986,19,Female,Urban,Retired,15,Lunch,39.50585541,Chinese,226.6109639,1,Online,4,9737201719
987,62,Female,Rural,Professional,16,Weekend,83.41708426,Italian,1186.71951,0,Cash,1,8239861258
988,43,Male,Rural,Student,4,Weekend,63.75811405,Indian,3924.308578,0,Cash,1,9893461897
989,31,Male,Urban,Professional,8,Lunch,45.42719682,Mexican,1085.758638,0,Cash,2,5444540886
990,68,Female,Urban,Retired,9,Lunch,52.60920934,Mexican,492.3106724,0,Card,1,3965775634
991,24,Female,Urban,Retired,5,Dinner,86.90926539,Italian,2424.820581,0,Cash,3,5927488401
992,20,Female,Suburban,Student,16,Weekend,40.60039475,Chinese,148.8492502,0,Card,5,7459660809
993,64,Female,Rural,Student,13,Dinner,88.26847163,Chinese,515.3541567,1,Cash,1,1651795415
994,40,Male,Suburban,Student,7,Dinner,17.93209879,Mexican,4057.366761,1,Online,1,5213844140
995,63,Female,Rural,Professional,17,Dinner,79.91185935,Italian,3880.21939,1,Cash,2,9812087462
996,60,Female,Rural,Professional,3,Lunch,86.27928697,Mexican,4584.18022,0,Card,3,4164672689
997,64,Male,Rural,Professional,5,Dinner,26.36358876,Indian,4287.125636,0,Card,1,1747106825
998,62,Female,Rural,Student,19,Dinner,48.73118791,Indian,3447.56026,0,Cash,5,1588914726
999,35,Male,Rural,Retired,12,Lunch,24.89497972,Italian,356.4310008,1,Online,5,7168933604
1000,55,Male,Rural,Retired,7,Weekend,73.59437161,Italian,3935.958228,0,Cash,1,2986780833
